index,Desc,Super Group Predicted,Product Group Predicted,Proba Super Group,Proba Product Group
136,NAIL POLISH,COSMETICS & FRAGRANCES,NAIL POLISH & DECORATION,0.991,0.943
168,HAND SOAP,PERSONAL CARE - GROOMING & HYGIENE,PERSONAL CLEANING & WASHING - GENERAL,0.984,0.921
159,XTREME HAIR GEL,PERSONAL CARE - GROOMING & HYGIENE,HAIR CARE,0.983,0.657
502,ADVANCED HAND SANITIZER,PERSONAL CARE - GROOMING & HYGIENE,PERSONAL CLEANING & WASHING - GENERAL,0.982,0.935
88,COUNTRY AIR CANDLE,HOMECARE,CANDLES/INCENSE,0.980,0.919
240,HAND SANITIZER,PERSONAL CARE - GROOMING & HYGIENE,PERSONAL CLEANING & WASHING - GENERAL,0.980,0.940
422,HAND SANITIZER,PERSONAL CARE - GROOMING & HYGIENE,PERSONAL CLEANING & WASHING - GENERAL,0.980,0.940
568,HAND SANITIZER 8FL,PERSONAL CARE - GROOMING & HYGIENE,PERSONAL CLEANING & WASHING - GENERAL,0.980,0.940
752,PAIN RELIEF LIQUID,HEALTHCARE,PAIN RELIEF,0.978,0.849
626,HAND SANITIZER 1 OZ.,PERSONAL CARE - GROOMING & HYGIENE,PERSONAL CLEANING & WASHING - GENERAL,0.976,0.884
767,ANTISEPTIC SKIN 000000,PERSONAL CARE - GROOMING & HYGIENE,ORAL HYGIENE,0.972,0.717
750,NEVADA GEL ALOE VERA,PERSONAL CARE - GROOMING & HYGIENE,SKIN TANNING,0.972,0.375
687,JOHNSON BABY OIL,PERSONAL CARE - GROOMING & HYGIENE,SKIN CONDITIONING/MOISTURISING,0.972,0.419
994,GATORADE XFACTOR PUNCH,BEVERAGES - NON ALCOHOLIC,SPORTS/ENERGY DRINKS,0.972,0.884
342,COLGATE TOTAL 6.0OZ,PERSONAL CARE - GROOMING & HYGIENE,ORAL HYGIENE,0.969,0.585
281,TROPICANA ORANGE JUICE,BEVERAGES - NON ALCOHOLIC,JUICES (10%-100%),0.968,0.902
590,HAND SANITIZER 99%,PERSONAL CARE - GROOMING & HYGIENE,PERSONAL CLEANING & WASHING - GENERAL,0.966,0.920
746,GALA HAIR TREATMENT,PERSONAL CARE - GROOMING & HYGIENE,HAIR CARE,0.966,0.862
445,MOIS CLEANSER 000000 1,PERSONAL CARE - GROOMING & HYGIENE,SKIN CONDITIONING/MOISTURISING,0.964,0.882
596,HAND CREAM NATURAL FRESH,PERSONAL CARE - GROOMING & HYGIENE,SKIN CONDITIONING/MOISTURISING,0.964,0.866
6,GUESS SDCTV NOIR MEN EDT 1.7OZ,PUERTO RICO CONSUMER PANEL BOOK ITEMS,PUERTO RICO CONSUMER PANEL,0.963,0.907
654,NEVADA SUNSCREEN 60 SPF VIT E,PERSONAL CARE - GROOMING & HYGIENE,SKIN TANNING,0.962,0.888
554,HAND SANITIZER UNICORNIO,PERSONAL CARE - GROOMING & HYGIENE,PERSONAL CLEANING & WASHING - GENERAL,0.960,0.913
74,VITAMIN D3 50.000IU TABLETS 4,HEALTHCARE,VITAMINS & MINERALS & NUTRITIONAL SUPPLEMENTS,0.960,0.891
766,RIO LIQUIDO HAND SOAP 16 OZ,PERSONAL CARE - GROOMING & HYGIENE,PERSONAL CLEANING & WASHING - GENERAL,0.960,0.860
749,NEVADA GEL ANTIBACTERIAL,PERSONAL CARE - GROOMING & HYGIENE,PERSONAL CLEANING & WASHING - GENERAL,0.959,0.628
930,OXYPURE CLEANSER 000000,PERSONAL CARE - GROOMING & HYGIENE,SKIN CONDITIONING/MOISTURISING,0.959,0.823
21,FERRERO MON CHERI BOX,BISCUITS & CONFECTIONERY & SNACKS,CHOCOLATE/CHOCOLATE SUBSTITUTES - FIXED WEIGHT,0.959,0.745
77,DOVE SOAP BATH,PERSONAL CARE - GROOMING & HYGIENE,PERSONAL CLEANING & WASHING - GENERAL,0.959,0.919
475,FACE WASH NTG OFAW 3 PK,PERSONAL CARE - GROOMING & HYGIENE,PERSONAL CLEANING & WASHING - GENERAL,0.958,0.816
667,HAND SANITIZER 1.8OZ,PERSONAL CARE - GROOMING & HYGIENE,PERSONAL CLEANING & WASHING - GENERAL,0.958,0.895
899,BABY WASH 15 OZ,PERSONAL CARE - GROOMING & HYGIENE,PERSONAL CLEANING & WASHING - GENERAL,0.957,0.805
891,HAIR SPRAY HAIR SPRAY,PERSONAL CARE - GROOMING & HYGIENE,HAIR CARE,0.957,0.737
425,BI FOOT SPA FOOT SPA NA,HEALTHCARE,SKIN TREATMENTS/DERMATOLOGICS,0.957,0.897
28,VO5 EXTRA BODY CONDITION,PERSONAL CARE - GROOMING & HYGIENE,HAIR CARE,0.956,0.390
602,GASOLINA PARCHA 750ML.,BEVERAGES - ALCOHOLIC,SPIRITS - MAJOR/INTERNATIONAL STYLES,0.955,0.434
910,QC COLD ALLERGY TAB 24,HEALTHCARE,COUGH COLD & OTHER RESPIRATORY REMEDIES & ACCESSORIES,0.955,0.911
955,BYET FACIAL TISSUE 770C,PERSONAL CARE - GROOMING & HYGIENE,SKIN CONDITIONING/MOISTURISING,0.952,0.859
998,SCOTCH-BRITE SCRUB SPONGES,HOMECARE,HOUSEHOLD CLEANING ACCESSORIES,0.952,0.838
733,NIGHTTIME COLD FLU,HEALTHCARE,COUGH COLD & OTHER RESPIRATORY REMEDIES & ACCESSORIES,0.952,0.908
36,BABY FACE SUN TAN,PERSONAL CARE - GROOMING & HYGIENE,SKIN TANNING,0.951,0.765
439,DENTAL CARE 7 EA,PERSONAL CARE - GROOMING & HYGIENE,ORAL HYGIENE,0.951,0.711
892,BYET BATH TIS 2PLY D4C BL RL 4,PERSONAL CARE - GROOMING & HYGIENE,GENERAL PERSONAL HYGIENE,0.950,0.737
135,ZIPPER BAGS X 20,KITCHEN & TABLEWARE,KITCHENWARE - DISPOSABLE,0.949,0.885
745,KERATIN SOFT,PERSONAL CARE - GROOMING & HYGIENE,HAIR CARE,0.949,0.525
725,GEL FOOT CUSHIES 1.00 CT,HEALTHCARE,SKIN TREATMENTS/DERMATOLOGICS,0.948,0.817
876,COCA COLA 8 PACK,BEVERAGES - NON ALCOHOLIC,DRINKS FLAVOURED RTD,0.947,0.775
277,HUGGIES G/3,BABY CARE,BABY PERSONAL HYGIENE,0.947,0.842
110,COLGATE CAVITY PROTECT 2.5 0Z.,PERSONAL CARE - GROOMING & HYGIENE,ORAL HYGIENE,0.946,0.815
453,ADVIL COLD Y SINUS,HEALTHCARE,COUGH COLD & OTHER RESPIRATORY REMEDIES & ACCESSORIES,0.946,0.909
361,ARREGLO GILLETTE FUSION 5,PERSONAL CARE - GROOMING & HYGIENE,SHAVING/DEPILATION MALE,0.944,0.882
448,BOWL CLEANER BLEACH Y BLUE,HOMECARE,TOILET CARE,0.944,0.763
633,(HV) PUMPKIN CANDLE,HOMECARE,CANDLES/INCENSE,0.944,0.852
772,HAND FRESH 20 COUNT 3.4Z,PERSONAL CARE - GROOMING & HYGIENE,PERSONAL CLEANING & WASHING - GENERAL,0.943,0.530
614,NOAD BABY,PERSONAL CARE - GROOMING & HYGIENE,SKIN CONDITIONING/MOISTURISING,0.942,0.417
340,CURLY HAIR SALON C EACH,PERSONAL CARE - GROOMING & HYGIENE,HAIR CARE,0.942,0.897
586,KOTEX CONTROL ULTRA THIN,PERSONAL CARE - GROOMING & HYGIENE,FEMININE PERSONAL HYGIENE,0.939,0.870
846,GUAVA PASSION ENERGY DRINK,BEVERAGES - NON ALCOHOLIC,SPORTS/ENERGY DRINKS,0.938,0.574
113,HUGGIES SWIM DIAPERS,BABY CARE,BABY PERSONAL HYGIENE,0.938,0.890
238,FAMILY CORN FLAKES 18OZ,FOOD - AMBIENT,CEREALS/TOASTER PASTRIES - AMBIENT,0.938,0.851
316,COUNTRY COOKIE ICE CREAM,FOOD - FROZEN,ICE CREAM/NOVELTIES - FROZEN,0.938,0.672
185,DT FOOT SPRAY DT FOOT SPRY NA,HEALTHCARE,SKIN TREATMENTS/DERMATOLOGICS,0.937,0.862
741,LENTIL CHIPS,BISCUITS & CONFECTIONERY & SNACKS,SNACKS - FIXED WEIGHT,0.937,0.878
190,GS ANTACID & GAS RELIEF REG. 1,HEALTHCARE,DIGESTIVE & LIVER & OTHER INTESTINAL REMEDIES,0.936,0.871
665,BABY WIPES,PERSONAL CARE - GROOMING & HYGIENE,FACIAL CLEANSING & TONING,0.935,0.659
31,BL XS FAC&BOD WASH 20.3,PERSONAL CARE - GROOMING & HYGIENE,PERSONAL CLEANING & WASHING - GENERAL,0.935,0.844
867,GLADE LAVANDER 8 OZ,HOMECARE,HOUSEHOLD CLEANERS,0.934,0.309
709,WALG IBUPROFEN TABLETS 10CT,HEALTHCARE,PAIN RELIEF,0.934,0.699
564,DOVE F AC CL ESS 2.6Z,HEALTHCARE,PAIN RELIEF,0.932,0.635
173,HEAVY DUTY SPONGE SCOURER 7 EA,HOMECARE,HOUSEHOLD CLEANING ACCESSORIES,0.931,0.826
788,BABY SHAMPOO 15OZ,PERSONAL CARE - GROOMING & HYGIENE,HAIR CARE,0.931,0.604
697,SOAP PAD,PERSONAL CARE - GROOMING & HYGIENE,PERSONAL CLEANING & WASHING - GENERAL,0.930,0.672
446,CHARCOAL MASK STIC 2Z,PERSONAL CARE - GROOMING & HYGIENE,SKIN CONDITIONING/MOISTURISING,0.930,0.867
299,JUGO FRUIT PUNCH 1 G,BEVERAGES - NON ALCOHOLIC,JUICES (10%-100%),0.930,0.835
321,HERBAL ESSENCES HELLO,PERSONAL CARE - GROOMING & HYGIENE,HAIR CARE,0.929,0.642
555,FRESH HOME LEMON AMMONIA 64,HOMECARE,HOUSEHOLD CLEANERS,0.929,0.801
735,SANGRIA FAMILIAR PARCHA 750 ML,BEVERAGES - ALCOHOLIC,ALCOHOLIC MIXES/COOLERS,0.929,0.365
751,NEVADA GEL ANTI-BACTERIAL,PERSONAL CARE - GROOMING & HYGIENE,HAIR CARE,0.929,0.437
684,1 RAZOR + 3 CARTRIDGE 1 EA,PERSONAL CARE - GROOMING & HYGIENE,SHAVING/DEPILATION MALE,0.928,0.799
896,1 RAZOR + 3 CARTRIDGE 1 EA,PERSONAL CARE - GROOMING & HYGIENE,SHAVING/DEPILATION MALE,0.928,0.799
469,TC CHILD ALLERGY NAS1C AL 60 S,HEALTHCARE,COUGH COLD & OTHER RESPIRATORY REMEDIES & ACCESSORIES,0.93,0.90
198,TUNA STARKIST CHUNKY LIGHT,FOOD - AMBIENT,FISH/SHELLFISH/SEAFOOD - AMBIENT,0.93,0.83
374,LDR LUBRICANT EYE DROP 30,HEALTHCARE,EYE CARE,0.93,0.76
762,BELCA WHOLE KERNEL CORN 100 OZ,FOOD - AMBIENT,VEGETABLES/SALAD VEGETABLES - AMBIENT,0.93,0.72
65,LIPTON ICED TEA PEACH,BEVERAGES - NON ALCOHOLIC,TEA & INFUSIONS,0.92,0.52
542,WALG ALL PURPOSE CLEANER 32OZ,HOMECARE,HOUSEHOLD CLEANERS,0.92,0.85
776,SENSODYNE WHITENING BOGO 2/4OZ,PERSONAL CARE - GROOMING & HYGIENE,ORAL HYGIENE,0.92,0.87
975,SPONGE SCRUB 3CT.,HOMECARE,HOUSEHOLD CLEANING ACCESSORIES,0.92,0.81
743,LDR THERAPEUTIC DANDRUFF SH,PERSONAL CARE - GROOMING & HYGIENE,HAIR CARE,0.92,0.86
657,FACE MASK NEGRA PQT 10,PERSONAL CARE - GROOMING & HYGIENE,SKIN CONDITIONING/MOISTURISING,0.92,0.85
479,COLGATE ZIGZAG,PERSONAL CARE - GROOMING & HYGIENE,ORAL HYGIENE,0.92,0.64
366,GAS RELIEF DROPS INFANTS,HEALTHCARE,DIGESTIVE & LIVER & OTHER INTESTINAL REMEDIES,0.92,0.83
756,PILLSBURY PIZZA CRUST 13.8 OZ,FOOD - FROZEN,DOUGH PRODUCTS - FROZEN,0.92,0.76
131,CARAT CHOCO TRUFFLE DARK 10 LB,BISCUITS & CONFECTIONERY & SNACKS,CHOCOLATE/CHOCOLATE SUBSTITUTES - FIXED WEIGHT,0.92,0.88
4,ASSORTMENTPR HAND SANITIZR AST,PERSONAL CARE - GROOMING & HYGIENE,PERSONAL CLEANING & WASHING - GENERAL,0.92,0.44
70,VO5 CREME RINSE,PERSONAL CARE - GROOMING & HYGIENE,HAIR CARE,0.92,0.85
809,(C)M/E MONOGRAM CANDLE 8OZ AST,HOMECARE,CANDLES/INCENSE,0.92,0.82
810,(C)M/E MONOGRAM CANDLE 8OZ AST,HOMECARE,CANDLES/INCENSE,0.92,0.82
811,(C)M/E MONOGRAM CANDLE 8OZ AST,HOMECARE,CANDLES/INCENSE,0.92,0.82
812,(C)M/E MONOGRAM CANDLE 8OZ AST,HOMECARE,CANDLES/INCENSE,0.92,0.82
813,(C)M/E MONOGRAM CANDLE 8OZ AST,HOMECARE,CANDLES/INCENSE,0.92,0.82
814,(C)M/E MONOGRAM CANDLE 8OZ AST,HOMECARE,CANDLES/INCENSE,0.92,0.82
815,(C)M/E MONOGRAM CANDLE 8OZ AST,HOMECARE,CANDLES/INCENSE,0.92,0.82
816,(C)M/E MONOGRAM CANDLE 8OZ AST,HOMECARE,CANDLES/INCENSE,0.92,0.82
467,JOHNSONS BABY SHAMPO,PERSONAL CARE - GROOMING & HYGIENE,SKIN CONDITIONING/MOISTURISING,0.92,0.52
166,CONE ICE YELLOW CONE ICE,FOOD - FROZEN,ICE CREAM/NOVELTIES - FROZEN,0.92,0.85
649,BLAST ENERGY DRINK ORIGINAL,BEVERAGES - NON ALCOHOLIC,SPORTS/ENERGY DRINKS,0.91,0.73
927,DHS STAR SHAMPOO 000000 1,PERSONAL CARE - GROOMING & HYGIENE,HAIR CARE,0.91,0.87
765,ELECTRONICS CLEANER,HOMECARE,HOUSEHOLD CLEANERS,0.91,0.70
648,OCA ENERGY DRINK,BEVERAGES - NON ALCOHOLIC,SPORTS/ENERGY DRINKS,0.91,0.81
836,WAL GAS RELIEF SFTGL 72S,HEALTHCARE,DIGESTIVE & LIVER & OTHER INTESTINAL REMEDIES,0.91,0.59
533,PEELOFF MASK GOLD 1.76,PERSONAL CARE - GROOMING & HYGIENE,SKIN CONDITIONING/MOISTURISING,0.91,0.86
42,VEL ULTRA LOCION ORIGINAL,HOMECARE,DISH CARE,0.91,0.72
841,(C)B4 SS FACE MASK PPR AST,PERSONAL CARE - GROOMING & HYGIENE,SKIN CONDITIONING/MOISTURISING,0.91,0.81
344,SKITTLES CANDY TUBE,BISCUITS & CONFECTIONERY & SNACKS,SUGAR/CANDY - FIXED WEIGHT,0.91,0.87
600,WALG PLUS EFFER COLD TAB 36S X,HEALTHCARE,COUGH COLD & OTHER RESPIRATORY REMEDIES & ACCESSORIES,0.91,0.69
319,PERFECT PURITY GENTLE SKIN,PERSONAL CARE - GROOMING & HYGIENE,SKIN CONDITIONING/MOISTURISING,0.91,0.78
167,POPSICLE ICE TEAL POPSICLE ICE,FOOD - FROZEN,ICE CREAM/NOVELTIES - FROZEN,0.91,0.87
29,WAFER ROLLS CHOCOLATE,BISCUITS & CONFECTIONERY & SNACKS,SWEET BISCUITS - AMBIENT,0.91,0.85
990,DHS ZINC SHAMPOO 000000,PERSONAL CARE - GROOMING & HYGIENE,HAIR CARE,0.91,0.86
728,CHINLESS CAT CAT 000001,PET FOOD,CAT FOOD,0.91,0.87
220,SLURPERS SOUR GWEEN APPLE,BISCUITS & CONFECTIONERY & SNACKS,SUGAR/CANDY - FIXED WEIGHT,0.91,0.71
595,BIMBO CHIPS 2X3 10 UNIDAD,BISCUITS & CONFECTIONERY & SNACKS,SNACKS - FIXED WEIGHT,0.91,0.43
73,NICE/WALG GLASS CLEANER,HOMECARE,HOUSEHOLD CLEANERS,0.91,0.53
487,MICORFIBRE CLEANING,HOMECARE,HOUSEHOLD CLEANING ACCESSORIES,0.90,0.58
362,ARREGLO DE PADRE GILLETTE/FERR,PERSONAL CARE - GROOMING & HYGIENE,SHAVING/DEPILATION MALE,0.90,0.49
620,LEADER NAUSEA RELIEF LQ CHERRY,HEALTHCARE,DIGESTIVE & LIVER & OTHER INTESTINAL REMEDIES,0.90,0.41
483,PARTY NAPKINS 000000 20.0EA,KITCHEN & TABLEWARE,TABLEWARE/DRINKWARE - DISPOSABLE,0.90,0.86
450,BREWERY OMMEGANG,BEVERAGES - ALCOHOLIC,BEER/LAGER/ALES - FIXED WEIGHT,0.90,0.86
127,CAYO BUAÂ PARADISE 750 ML,BEVERAGES - ALCOHOLIC,LIQUEURS,0.90,0.48
318,ALMENDRAS CUBIERTAS CHOCO 6OZ,BISCUITS & CONFECTIONERY & SNACKS,CHOCOLATE/CHOCOLATE SUBSTITUTES - FIXED WEIGHT,0.90,0.87
606,PEPCID ACID REDUCER,HEALTHCARE,DIGESTIVE & LIVER & OTHER INTESTINAL REMEDIES,0.90,0.88
638,ELITE VANILLA SUGAR SHOWER GEL,PERSONAL CARE - GROOMING & HYGIENE,PERSONAL CLEANING & WASHING - GENERAL,0.90,0.82
257,SCOURER + SPONGE 6 PCS,HOMECARE,HOUSEHOLD CLEANING ACCESSORIES,0.90,0.86
779,BY COFFEE CREAMER 16OZ,FOOD - AMBIENT,DAIRY/MILK/CREAM/MODIFIERS - AMBIENT,0.90,0.78
742,LDR MENS MULTIVITAMIN,HEALTHCARE,VITAMINS & MINERALS & NUTRITIONAL SUPPLEMENTS,0.90,0.86
311,STARKIST TUNA OIL,FOOD - AMBIENT,FISH/SHELLFISH/SEAFOOD - AMBIENT,0.90,0.72
313,CVS ESM TAB 14CT 14CT,HEALTHCARE,DIGESTIVE & LIVER & OTHER INTESTINAL REMEDIES,0.90,0.62
714,NAVAJAS GILLETTE BLUE II,PERSONAL CARE - GROOMING & HYGIENE,SHAVING/DEPILATION MALE,0.90,0.75
906,NAVAJAS GILLETTE BLUE II,PERSONAL CARE - GROOMING & HYGIENE,SHAVING/DEPILATION MALE,0.90,0.75
212,BTRS SPA GEL 25.4,PERSONAL CARE - GROOMING & HYGIENE,PERSONAL CLEANING & WASHING - GENERAL,0.90,0.46
454,WALG DM PLUS CLD/SINUS D/N LG,HEALTHCARE,COUGH COLD & OTHER RESPIRATORY REMEDIES & ACCESSORIES,0.90,0.88
388,PEANUT JUMBO CANDY,BISCUITS & CONFECTIONERY & SNACKS,SUGAR/CANDY - FIXED WEIGHT,0.90,0.82
379,FAMCOOP ACEITE PURO MAIZ 96OZ,FOOD - AMBIENT,COOKING/EDIBLE OILS - AMBIENT,0.90,0.84
632,(HV) RUSTIC CANDLE AST,HOMECARE,CANDLES/INCENSE,0.90,0.68
634,(HV) RUSTIC CANDLE AST,HOMECARE,CANDLES/INCENSE,0.90,0.68
852,BLACK JACK ROACH & ANT KILLER,HOMECARE,INSECT CONTROL,0.89,0.85
488,STAINLESS STEEL SCOURER,HOMECARE,HOUSEHOLD CLEANING ACCESSORIES,0.89,0.86
165,CONE ICE PINK CONE ICE,FOOD - FROZEN,ICE CREAM/NOVELTIES - FROZEN,0.89,0.83
472,LIMPPANO INSPIRA AIR 8.1 OZ,HOMECARE,FRESHENERS/DEODORIZERS,0.89,0.49
256,JAPANESE STYLE PEANUTS 1.26OZ,FOOD - AMBIENT,FRUIT/NUTS - AMBIENT,0.89,0.73
986,AGAVERO LICOR DE AGAVE 750 ML,BEVERAGES - ALCOHOLIC,LIQUEURS,0.89,0.54
763,QUILTED ADULT BRIEF LARGE,PERSONAL CARE - GROOMING & HYGIENE,GENERAL PERSONAL HYGIENE,0.89,0.86
146,ECONO MINI MINTS,BISCUITS & CONFECTIONERY & SNACKS,SUGAR/CANDY - FIXED WEIGHT,0.89,0.79
378,KETO NUT & SEED,FOOD - AMBIENT,FRUIT/NUTS - AMBIENT,0.89,0.75
93,MULTICOLOR TOOTHBRUSH 5 EA,PERSONAL CARE - GROOMING & HYGIENE,ORAL HYGIENE,0.89,0.75
903,PAIN/FEVR CHLD SUSP CHERRY 4OZ,HEALTHCARE,PAIN RELIEF,0.89,0.76
925,PAIN/FEVR CHLD SUSP CHERRY 4OZ,HEALTHCARE,PAIN RELIEF,0.89,0.76
515,CLOROX CLEANUP W BLCH,HOMECARE,HOUSEHOLD CLEANERS,0.89,0.16
301,SALSA TOMATE,FOOD - AMBIENT,DIPS/DRESSINGS/SAUCES - AMBIENT,0.89,0.86
607,CVS ABAC MST HYDR 4CT,PERSONAL CARE - GROOMING & HYGIENE,GENERAL PERSONAL HYGIENE,0.89,0.37
929,HANDY TRAVEL SET 1 EA,PERSONAL CARE - GROOMING & HYGIENE,ORAL HYGIENE,0.89,0.70
436,OSEM WALNUT CAKE CAKE MIX,FOOD - AMBIENT,CAKES/GATEAUX - AMBIENT,0.89,0.81
869,(C)ILLUME TIN CANDLE AST,HOMECARE,CANDLES/INCENSE,0.89,0.86
870,(C)ILLUME TIN CANDLE AST,HOMECARE,CANDLES/INCENSE,0.89,0.86
695,CHICKEN PATTIES CONG US,FOOD - FROZEN,MEAT/POULTRY/GAME - FROZEN,0.89,0.82
360,MAIZ CONGELADO,FOOD - AMBIENT,COOKING/EDIBLE OILS - AMBIENT,0.89,0.61
954,MULTI CLEANER WASH Y WAX,HOMECARE,PERSONAL CLEANING & WASHING - GENERAL,0.89,0.43
197,SUPER PREMIUM TOWELS MEGA ROLL,HOMECARE,HOUSEHOLD CLEANING ACCESSORIES,0.89,0.87
669,INTERIOR Y CARPET CLEANER,HOMECARE,HOUSEHOLD CLEANERS,0.89,0.24
659,QUESO RALLADO BLANCO,FOOD - PERISHABLE,CHEESE - FRESH FIXED WEIGHT,0.89,0.85
129,MAIZ DULCEPR MAIZ DULCE DEL PA,FOOD - AMBIENT,COOKING/EDIBLE OILS - AMBIENT,0.88,0.65
594,GARNIER NUTRISSE COL,PERSONAL CARE - GROOMING & HYGIENE,HAIR CARE,0.88,0.84
720,LEADER ESOMEPRRAZOLE MAGNESIUM,HEALTHCARE,DIGESTIVE & LIVER & OTHER INTESTINAL REMEDIES,0.88,0.74
381,COLGATE 2X CHARCOAL 360,PERSONAL CARE - GROOMING & HYGIENE,ORAL HYGIENE,0.88,0.49
543,POWERADE ZERO ORANGE,BEVERAGES - NON ALCOHOLIC,SPORTS/ENERGY DRINKS,0.88,0.82
331,MULTI-USE SPONGE SCOURER 1 EA,HOMECARE,HOUSEHOLD CLEANING ACCESSORIES,0.88,0.85
723,QUESO DE BOLA BORDEN 8OZ.,FOOD - PERISHABLE,CHEESE - FRESH FIXED WEIGHT,0.88,0.80
164,STAR ICE BLUE STAR ICE,FOOD - FROZEN,ICE CREAM/NOVELTIES - FROZEN,0.88,0.79
603,MAZOLA CORN OIL,FOOD - AMBIENT,COOKING/EDIBLE OILS - AMBIENT,0.88,0.82
8,WALG MAXI PAD DEOD PPR,PERSONAL CARE - GROOMING & HYGIENE,FEMININE PERSONAL HYGIENE,0.88,0.40
789,5 HOUR ENERGY GRAPE,BEVERAGES - NON ALCOHOLIC,SPORTS/ENERGY DRINKS,0.88,0.81
580,GILLETTE GOOD NEWS,PERSONAL CARE - GROOMING & HYGIENE,SHAVING/DEPILATION MALE,0.88,0.73
798,TISSUE,PERSONAL CARE - GROOMING & HYGIENE,SKIN CONDITIONING/MOISTURISING,0.88,0.79
799,TISSUE,PERSONAL CARE - GROOMING & HYGIENE,SKIN CONDITIONING/MOISTURISING,0.88,0.79
112,LDR SPORT SCREEN SPF50,PERSONAL CARE - GROOMING & HYGIENE,SKIN TANNING,0.88,0.84
117,WET WIPES LATA,PERSONAL CARE - GROOMING & HYGIENE,FACIAL CLEANSING & TONING,0.87,0.59
19,MEOW MIX,PET FOOD,CAT FOOD,0.87,0.79
794,STAINLESS STEEL SCOURER 3 PCS,HOMECARE,HOUSEHOLD CLEANING ACCESSORIES,0.87,0.85
795,STAINLESS STEEL SCOURER 2 PCS,HOMECARE,HOUSEHOLD CLEANING ACCESSORIES,0.87,0.85
650,MICROFIBER SPONGE 1 EA,HOMECARE,HOUSEHOLD CLEANING ACCESSORIES,0.87,0.82
828,SMIRNOFF VODKA,BEVERAGES - ALCOHOLIC,SPIRITS - MAJOR/INTERNATIONAL STYLES,0.87,0.76
287,MERMAID TUMBLER HAND SANIT JAR,PERSONAL CARE - GROOMING & HYGIENE,PERSONAL CLEANING & WASHING - GENERAL,0.87,0.48
309,CORT ULTRA MOIST 1Z,PERSONAL CARE - GROOMING & HYGIENE,SKIN CONDITIONING/MOISTURISING,0.87,0.72
391,CREAM SH PMK PUMPKINS,PERSONAL CARE - GROOMING & HYGIENE,SKIN CONDITIONING/MOISTURISING,0.87,0.59
601,QUESO DE PAPA WILSON,FOOD - PERISHABLE,CHEESE - FRESH FIXED WEIGHT,0.87,0.81
982,BB MAKEUP WIPES EACH,COSMETICS & FRAGRANCES,FACIAL CLEANSING & TONING,0.87,0.47
668,CVS FMNG PAIN RLF 7.1Z,HEALTHCARE,PAIN RELIEF,0.87,0.59
952,NESTLE CHOCO VAINILLA,BISCUITS & CONFECTIONERY & SNACKS,CHOCOLATE/CHOCOLATE SUBSTITUTES - FIXED WEIGHT,0.87,0.66
351,BAI ANTIOXIDANT LEMONADE,BEVERAGES - NON ALCOHOLIC,JUICES (10%-100%),0.87,0.83
966,MOIST CLENSER 000000 1,PERSONAL CARE - GROOMING & HYGIENE,SKIN CONDITIONING/MOISTURISING,0.87,0.68
104,RAMEN NOODLES,FOOD - AMBIENT,PASTA - AMBIENT,0.87,0.57
464,SUAVE HND SANITZR 10Z,PERSONAL CARE - GROOMING & HYGIENE,SKIN CONDITIONING/MOISTURISING,0.87,0.28
845,MEGA ENERGY MANGOPASSIONFRUIT,BEVERAGES - NON ALCOHOLIC,SPORTS/ENERGY DRINKS,0.87,0.83
121,LUXNOODLE DELUXE NOODLE,FOOD - AMBIENT,NOODLES - ORIENTAL STYLE - AMBIENT,0.86,0.78
138,CICLON PURE ENERGY,BEVERAGES - NON ALCOHOLIC,SPORTS/ENERGY DRINKS,0.86,0.83
883,EVERY STRAND TRIO KERATINA SET,PERSONAL CARE - GROOMING & HYGIENE,HAIR CARE,0.86,0.74
92,AQUATIC CEPILLO DENTAL MEDIUM,PERSONAL CARE - GROOMING & HYGIENE,ORAL HYGIENE,0.86,0.77
334,GUMMY CANDY TONGUE,BISCUITS & CONFECTIONERY & SNACKS,SUGAR/CANDY - FIXED WEIGHT,0.86,0.83
509,FUZE ICED TEA LEMON,BEVERAGES - NON ALCOHOLIC,TEA & INFUSIONS,0.86,0.70
283,LACTOVIT MEN GIFT SET 1 EA,PERSONAL CARE - GROOMING & HYGIENE,PUERTO RICO CONSUMER PANEL,0.86,0.19
141,CVS PAIN RLF GEL 3Z,HEALTHCARE,PAIN RELIEF,0.86,0.75
573,HOJAS APPLE MARTINI,KITCHEN & TABLEWARE,TABLEWARE/DRINKWARE - DISPOSABLE,0.86,0.82
738,LDR CHARCOAL,PERSONAL CARE - GROOMING & HYGIENE,SKIN CONDITIONING/MOISTURISING,0.86,0.68
522,NIEVINA GEL DERMO 33.81,PERSONAL CARE - GROOMING & HYGIENE,PERSONAL CLEANING & WASHING - GENERAL,0.86,0.52
536,QUESO PARMESANO BORDEN 4 OZ,FOOD - PERISHABLE,CHEESE - FRESH FIXED WEIGHT,0.86,0.78
507,ICE CREAM CRUNCH BAR,FOOD - FROZEN,ICE CREAM/NOVELTIES - FROZEN,0.86,0.62
433,TS HA 10 O BDOTSOLID TISSUE NA,PERSONAL CARE - GROOMING & HYGIENE,SKIN CONDITIONING/MOISTURISING,0.86,0.60
293,DALE CARINO SHAMPOO 8 OZ,PERSONAL CARE - GROOMING & HYGIENE,HAIR CARE,0.86,0.69
182,VISINE RED EYE,HEALTHCARE,EYE CARE,0.85,0.72
339,VISINE RED EYE,HEALTHCARE,EYE CARE,0.85,0.72
215,CLEANER BBQ/GRILL,HOMECARE,HOUSEHOLD CLEANERS,0.85,0.33
785,PURINA PARA CRECER Y ENGORDAR,PET FOOD,DOG FOOD,0.85,0.48
771,GE GS THN MINT ALM 4Z,PERSONAL CARE - GROOMING & HYGIENE,PERSONAL CLEANING & WASHING - GENERAL,0.85,0.48
11,W SPANISH PEANUTS 12OZ,FOOD - AMBIENT,FRUIT/NUTS - AMBIENT,0.85,0.74
808,CVS PAIN RLF GEL 1.7Z,HEALTHCARE,PAIN RELIEF,0.85,0.66
51,WET WIPES GERM OUT 80 CT,PERSONAL CARE - GROOMING & HYGIENE,FACIAL CLEANSING & TONING,0.85,0.70
352,SNAPPLE DIET NARANJA/ZANAHORIA,BEVERAGES - NON ALCOHOLIC,JUICES (10%-100%),0.85,0.28
951,BELLS TWO HEARTHED ALE CAN,BEVERAGES - ALCOHOLIC,BEER/LAGER/ALES - FIXED WEIGHT,0.85,0.79
419,BLUE BELL CONE,FOOD - FROZEN,ICE CREAM/NOVELTIES - FROZEN,0.85,0.84
147,TCS HK HND CRM AB EACH,PERSONAL CARE - GROOMING & HYGIENE,HAIR CARE,0.85,0.29
805,METAMUCIL FIBER GUMMIES 72S,HEALTHCARE,DIGESTIVE & LIVER & OTHER INTESTINAL REMEDIES,0.85,0.78
753,CVS LAVENDER EO 0.5Z,PERSONAL CARE - GROOMING & HYGIENE,PERSONAL CLEANING & WASHING - GENERAL,0.85,0.41
653,NEXT AB BAR SOAP 3.1Z,PERSONAL CARE - GROOMING & HYGIENE,PERSONAL CLEANING & WASHING - GENERAL,0.85,0.83
904,CVS COLD SORE .07Z,HEALTHCARE,COUGH COLD & OTHER RESPIRATORY REMEDIES & ACCESSORIES,0.85,0.85
508,NESTLE VAINILLA CONE,FOOD - FROZEN,ICE CREAM/NOVELTIES - FROZEN,0.85,0.81
584,BUTTER COOKIES MINI 8 OZ,BISCUITS & CONFECTIONERY & SNACKS,SWEET BISCUITS - AMBIENT,0.84,0.77
395,DK12 JABON AVENA 4 PACK,PERSONAL CARE - GROOMING & HYGIENE,PERSONAL CLEANING & WASHING - GENERAL,0.84,0.66
711,NEVADA ELASTINA COLAGENO,PERSONAL CARE - GROOMING & HYGIENE,SKIN CONDITIONING/MOISTURISING,0.84,0.34
315,CVS MEN PRTC GRD 52CT,PERSONAL CARE - GROOMING & HYGIENE,PUERTO RICO CONSUMER PANEL,0.84,0.17
850,MALTA GOYA LIGHT,BEVERAGES - NON ALCOHOLIC,DRINKS FLAVOURED RTD,0.84,0.71
126,QUESO DE BOLA,FOOD - PERISHABLE,CHEESE - FRESH FIXED WEIGHT,0.84,0.79
681,OKA MSQTO REPELLENT COILS,HOMECARE,INSECT CONTROL,0.84,0.80
41,ESPONJA DE BRILLO,HOMECARE,HOUSEHOLD CLEANING ACCESSORIES,0.84,0.77
526,MANI SUN INTERNATIONAL 1,FOOD - AMBIENT,FRUIT/NUTS - AMBIENT,0.84,0.73
183,FABULOSO NARANJA,HOMECARE,HOUSEHOLD CLEANERS,0.84,0.84
368,SUPER MART GLASS CLEANER 32 OZ,HOMECARE,HOUSEHOLD CLEANERS,0.83,0.74
408,MAPO DE TORSION,HOMECARE MERCHANDISE,HOUSEHOLD CLEANING HARDWARE,0.83,0.76
837,CVS PAIN RLF GEL 3.5Z,HEALTHCARE,PAIN RELIEF,0.83,0.70
325,PEPSI 24PK,BEVERAGES - NON ALCOHOLIC,DRINKS FLAVOURED RTD,0.83,0.61
721,LDR STOOL SOFTENER,HEALTHCARE,DIGESTIVE & LIVER & OTHER INTESTINAL REMEDIES,0.83,0.85
30,WAFER ROLLS VAINILLA,BISCUITS & CONFECTIONERY & SNACKS,SWEET BISCUITS - AMBIENT,0.83,0.85
704,GALLETAS DE CASCO,BISCUITS & CONFECTIONERY & SNACKS,SWEET BISCUITS - AMBIENT,0.83,0.77
144,BELLS HOPSLAM ALE,BEVERAGES - ALCOHOLIC,BEER/LAGER/ALES - FIXED WEIGHT,0.83,0.77
701,ECONO MINI MARIA,BISCUITS & CONFECTIONERY & SNACKS,SWEET BISCUITS - AMBIENT,0.83,0.80
97,AGUA,BEVERAGES - NON ALCOHOLIC,WATER,0.83,0.82
643,AGUA,BEVERAGES - NON ALCOHOLIC,WATER,0.83,0.82
49,SIN DESCRIPCION 051-WALGREENS,NOT DETERMINED,NOT DETERMINED,0.83,0.83
57,SIN DESCRIPCION 051-WALGREENS,NOT DETERMINED,NOT DETERMINED,0.83,0.83
96,SIN DESCRIPCION 051-WALGREENS,NOT DETERMINED,NOT DETERMINED,0.83,0.83
105,SIN DESCRIPCION 051-WALGREENS,NOT DETERMINED,NOT DETERMINED,0.83,0.83
176,SIN DESCRIPCION 051-WALGREENS,NOT DETERMINED,NOT DETERMINED,0.83,0.83
207,SIN DESCRIPCION 051-WALGREENS,NOT DETERMINED,NOT DETERMINED,0.83,0.83
213,SIN DESCRIPCION 051-WALGREENS,NOT DETERMINED,NOT DETERMINED,0.83,0.83
230,SIN DESCRIPCION 051-WALGREENS,NOT DETERMINED,NOT DETERMINED,0.83,0.83
231,SIN DESCRIPCION 051-WALGREENS,NOT DETERMINED,NOT DETERMINED,0.83,0.83
237,SIN DESCRIPCION 051-WALGREENS,NOT DETERMINED,NOT DETERMINED,0.83,0.83
304,SIN DESCRIPCION 051-WALGREENS,NOT DETERMINED,NOT DETERMINED,0.83,0.83
400,SIN DESCRIPCION 051-WALGREENS,NOT DETERMINED,NOT DETERMINED,0.83,0.83
465,SIN DESCRIPCION 051-WALGREENS,NOT DETERMINED,NOT DETERMINED,0.83,0.83
482,SIN DESCRIPCION 051-WALGREENS,NOT DETERMINED,NOT DETERMINED,0.83,0.83
485,SIN DESCRIPCION 051-WALGREENS,NOT DETERMINED,NOT DETERMINED,0.83,0.83
506,SIN DESCRIPCION 051-WALGREENS,NOT DETERMINED,NOT DETERMINED,0.83,0.83
548,SIN DESCRIPCION 051-WALGREENS,NOT DETERMINED,NOT DETERMINED,0.83,0.83
611,SIN DESCRIPCION 051-WALGREENS,NOT DETERMINED,NOT DETERMINED,0.83,0.83
786,SIN DESCRIPCION 051-WALGREENS,NOT DETERMINED,NOT DETERMINED,0.83,0.83
849,SIN DESCRIPCION 051-WALGREENS,NOT DETERMINED,NOT DETERMINED,0.83,0.83
874,SIN DESCRIPCION 051-WALGREENS,NOT DETERMINED,NOT DETERMINED,0.83,0.83
884,SIN DESCRIPCION 051-WALGREENS,NOT DETERMINED,NOT DETERMINED,0.83,0.83
900,SIN DESCRIPCION 051-WALGREENS,NOT DETERMINED,NOT DETERMINED,0.83,0.83
911,SIN DESCRIPCION 051-WALGREENS,NOT DETERMINED,NOT DETERMINED,0.83,0.83
917,SIN DESCRIPCION 051-WALGREENS,NOT DETERMINED,NOT DETERMINED,0.83,0.83
918,SIN DESCRIPCION 051-WALGREENS,NOT DETERMINED,NOT DETERMINED,0.83,0.83
924,SIN DESCRIPCION 051-WALGREENS,NOT DETERMINED,NOT DETERMINED,0.83,0.83
931,SIN DESCRIPCION 051-WALGREENS,NOT DETERMINED,NOT DETERMINED,0.83,0.83
935,SIN DESCRIPCION 051-WALGREENS,NOT DETERMINED,NOT DETERMINED,0.83,0.83
936,SIN DESCRIPCION 051-WALGREENS,NOT DETERMINED,NOT DETERMINED,0.83,0.83
937,SIN DESCRIPCION 051-WALGREENS,NOT DETERMINED,NOT DETERMINED,0.83,0.83
938,SIN DESCRIPCION 051-WALGREENS,NOT DETERMINED,NOT DETERMINED,0.83,0.83
939,SIN DESCRIPCION 051-WALGREENS,NOT DETERMINED,NOT DETERMINED,0.83,0.83
964,SIN DESCRIPCION 051-WALGREENS,NOT DETERMINED,NOT DETERMINED,0.83,0.83
969,SIN DESCRIPCION 051-WALGREENS,NOT DETERMINED,NOT DETERMINED,0.83,0.83
970,SIN DESCRIPCION 051-WALGREENS,NOT DETERMINED,NOT DETERMINED,0.83,0.83
988,SIN DESCRIPCION 051-WALGREENS,NOT DETERMINED,NOT DETERMINED,0.83,0.83
992,SIN DESCRIPCION 051-WALGREENS,NOT DETERMINED,NOT DETERMINED,0.83,0.83
879,LEATHERBACK AMBER ALE,BEVERAGES - ALCOHOLIC,BEER/LAGER/ALES - FIXED WEIGHT,0.83,0.79
825,HERSHEYS CHOCOLATE DRINK,BEVERAGES - NON ALCOHOLIC,DAIRY BASED DRINKS & DRINKING YOGURT,0.82,0.37
460,NIVEA BTH TPCL BRZ 13.5,PERSONAL CARE - GROOMING & HYGIENE,PERSONAL CLEANING & WASHING - GENERAL,0.82,0.26
624,QC CHILD M/EXTRA VIT C GUMMIES,HEALTHCARE,VITAMINS & MINERALS & NUTRITIONAL SUPPLEMENTS,0.82,0.62
567,DOCTOR MECANICO 32OZ.,HOMECARE,HOUSEHOLD CLEANERS,0.82,0.72
72,PROTECT PLUS 000000 1,PERSONAL CARE - GROOMING & HYGIENE,HAIR CARE,0.82,0.35
857,LDR GENTLE LAXATIVE,HEALTHCARE,DIGESTIVE & LIVER & OTHER INTESTINAL REMEDIES,0.82,0.83
468,SACATO SANITIZER,PERSONAL CARE - GROOMING & HYGIENE,PERSONAL CLEANING & WASHING - GENERAL,0.82,0.84
562,INT. ESPA. UREA GEL BANO,PERSONAL CARE - GROOMING & HYGIENE,PERSONAL CLEANING & WASHING - GENERAL,0.82,0.44
503,LUDWING W. ORGANIC KERATIN,PERSONAL CARE - GROOMING & HYGIENE,HAIR CARE,0.82,0.72
842,(C)B4 SS FACE WIPE PPR AST,PERSONAL CARE - GROOMING & HYGIENE,FACIAL CLEANSING & TONING,0.82,0.49
656,FIESTA VANILLA WAFERS,BISCUITS & CONFECTIONERY & SNACKS,SWEET BISCUITS - AMBIENT,0.81,0.81
431,BLUE BELL VAINILLA CONE,FOOD - FROZEN,ICE CREAM/NOVELTIES - FROZEN,0.81,0.84
566,V8 SPLASH TROPICAL BLEND,BEVERAGES - NON ALCOHOLIC,JUICES (10%-100%),0.81,0.76
860,COCA COLA AT THE MOV3OZ IES GI,BEVERAGES - NON ALCOHOLIC,DRINKS FLAVOURED RTD,0.81,0.39
451,TH BLEACH REGULAR 43Z,HOMECARE,LAUNDRY SPECIAL CARE,0.81,0.41
491,GOFLET WHITE COOKIES 24 PCT,BISCUITS & CONFECTIONERY & SNACKS,SWEET BISCUITS - AMBIENT,0.81,0.67
484,. CAFE DEL ALBA 350,BEVERAGES - NON ALCOHOLIC,COFFEE/COFFEE SUBSTITUTES,0.81,0.70
216,IA LECHE HIDRATANTE C/ASIATICA,PERSONAL CARE - GROOMING & HYGIENE,SKIN CONDITIONING/MOISTURISING,0.81,0.53
570,420 ODOR ELIMINATOR GREEN,HOMECARE,FRESHENERS/DEODORIZERS,0.81,0.56
640,MOSQUITO COIL,HOMECARE,INSECT CONTROL,0.81,0.75
490,COPPER SCOURERS,HOMECARE,HOUSEHOLD CLEANING ACCESSORIES,0.81,0.80
623,CVS CPR BL CRW LG 3CT,PERSONAL CARE - GROOMING & HYGIENE,PERSONAL CLEANING & WASHING - GENERAL,0.81,0.16
868,(C)ILLUME BOX CANDLE 5.8OZ AST,HOMECARE,CANDLES/INCENSE,0.81,0.74
494,HUGGIES ACTIVE MAXI XXG,PERSONAL CARE - GROOMING & HYGIENE,BABY PERSONAL HYGIENE,0.81,0.33
729,PEDIGREE WITH LAMB & RICE 16.3,PET FOOD,DOG FOOD,0.81,0.82
294,COCOMELON 8OZ 3IN1 3 1 1 EA,PERSONAL CARE - GROOMING & HYGIENE,PERSONAL CLEANING & WASHING - GENERAL,0.81,0.62
598,BOULEVARD IPA,BEVERAGES - ALCOHOLIC,BEER/LAGER/ALES - FIXED WEIGHT,0.81,0.62
830,GASOLINA ENERGY DRINK,BEVERAGES - NON ALCOHOLIC,SPORTS/ENERGY DRINKS,0.81,0.74
957,DIPIN DIP POLLO 8OZ,FOOD - AMBIENT,DIPS/DRESSINGS/SAUCES - AMBIENT,0.81,0.58
418,TENA BASIC FUERTE M 9 UNID,PERSONAL CARE - GROOMING & HYGIENE,SKIN CONDITIONING/MOISTURISING,0.80,0.14
89,SIN DESCRIPCION,NOT DETERMINED,NOT DETERMINED,0.80,0.80
118,SIN DESCRIPCION,NOT DETERMINED,NOT DETERMINED,0.80,0.80
156,SIN DESCRIPCION,NOT DETERMINED,NOT DETERMINED,0.80,0.80
172,SIN DESCRIPCION,NOT DETERMINED,NOT DETERMINED,0.80,0.80
680,SIN DESCRIPCION,NOT DETERMINED,NOT DETERMINED,0.80,0.80
775,SIN DESCRIPCION,NOT DETERMINED,NOT DETERMINED,0.80,0.80
806,SIN DESCRIPCION,NOT DETERMINED,NOT DETERMINED,0.80,0.80
926,SIN DESCRIPCION,NOT DETERMINED,NOT DETERMINED,0.80,0.80
932,SIN DESCRIPCION,NOT DETERMINED,NOT DETERMINED,0.80,0.80
698,SPONGE 2 EA,HOMECARE,HOUSEHOLD CLEANING ACCESSORIES,0.80,0.75
547,BRIO PAPER TOWELS,HOMECARE,HOUSEHOLD CLEANING ACCESSORIES,0.80,0.75
661,MOJITO GASOLINA,BEVERAGES - ALCOHOLIC,ALCOHOLIC MIXES/COOLERS,0.80,0.82
337,CVS MLTN 1MG LQ 1Z,PERSONAL CARE - GROOMING & HYGIENE,PERSONAL CLEANING & WASHING - GENERAL,0.80,0.66
987,TOSH CHOCOLATE,BISCUITS & CONFECTIONERY & SNACKS,SWEET BISCUITS - AMBIENT,0.80,0.72
757,SPONGES MULTICOLOR X 3,HOMECARE,HOUSEHOLD CLEANING ACCESSORIES,0.80,0.72
267,LACTOVIT MEN GIFT SET,PERSONAL CARE - GROOMING & HYGIENE,PUERTO RICO CONSUMER PANEL,0.80,0.26
658,HEINEKEN KEG,BEVERAGES - ALCOHOLIC,BEER/LAGER/ALES - FIXED WEIGHT,0.80,0.67
413,SSS SNSL BDY LTN 6.7Z,PERSONAL CARE - GROOMING & HYGIENE,SKIN CONDITIONING/MOISTURISING,0.80,0.43
748,VS HND SNTZR 1.69,PERSONAL CARE - GROOMING & HYGIENE,PERSONAL CLEANING & WASHING - GENERAL,0.80,0.47
438,KRAFT QUESO SLICES USA LB 2000,FOOD - PERISHABLE,CHEESE - FRESH FIXED WEIGHT,0.80,0.72
392,LACTOVIT REPARADOR 24 H,PERSONAL CARE - GROOMING & HYGIENE,PERSONAL CLEANING & WASHING - GENERAL,0.79,0.21
947,OMEGA 3-6-9 1200MG CAP(MAS)60,HEALTHCARE,VITAMINS & MINERALS & NUTRITIONAL SUPPLEMENTS,0.79,0.80
414,SSS NRSH BDY LTN 6.7Z,PERSONAL CARE - GROOMING & HYGIENE,SKIN CONDITIONING/MOISTURISING,0.79,0.37
338,MAZORCA DE MAIZ ECONO INC.,FOOD - AMBIENT,COOKING/EDIBLE OILS - AMBIENT,0.79,0.31
893,CVS ULTSHR LTN 30 3Z,PERSONAL CARE - GROOMING & HYGIENE,SKIN CONDITIONING/MOISTURISING,0.79,0.29
642,OLD HARBOR AMBER LARGE,PERSONAL CARE - GROOMING & HYGIENE,GENERAL PERSONAL HYGIENE,0.79,0.09
839,UNIVERSAL SURFACE CLEANER 1 EA,HOMECARE,HOUSEHOLD CLEANERS,0.79,0.75
17,PASTA DENTAL COLGATE 2.8 OZ,PERSONAL CARE - GROOMING & HYGIENE,ORAL HYGIENE,0.78,0.78
521,ANTIBCTRL WIPES 50CT,PERSONAL CARE - GROOMING & HYGIENE,FACIAL CLEANSING & TONING,0.78,0.50
527,ALMONDKING KING DELIGHT,FOOD - AMBIENT,DAIRY/MILK/CREAM/MODIFIERS - AMBIENT,0.78,0.25
54,DIPPIN DOTS BROWNIE,FOOD - AMBIENT,CAKES/GATEAUX - AMBIENT,0.78,0.65
106,COLLECTIVE POMEG Y BLUE CHOCO,BISCUITS & CONFECTIONERY & SNACKS,CHOCOLATE/CHOCOLATE SUBSTITUTES - FIXED WEIGHT,0.78,0.73
64,UNKNOWN CHERRY 30 ML,BEVERAGES - ALCOHOLIC,SPIRITS - MAJOR/INTERNATIONAL STYLES,0.78,0.32
993,VIT D 10MGG/400 000000,PERSONAL CARE - GROOMING & HYGIENE,SKIN CONDITIONING/MOISTURISING,0.78,0.47
545,NUTELLA MINI,BISCUITS & CONFECTIONERY & SNACKS,CHOCOLATE/CHOCOLATE SUBSTITUTES - FIXED WEIGHT,0.78,0.34
270,OGOYI CABELLO GRASO,PERSONAL CARE - GROOMING & HYGIENE,HAIR CARE,0.78,0.68
730,PET TREE SIGN PET TREE 000004,PET FOOD,DOG FOOD,0.78,0.54
862,LEADER VITAMIN D3 50MCG,HEALTHCARE,VITAMINS & MINERALS & NUTRITIONAL SUPPLEMENTS,0.78,0.83
471,CLEAR AIR MOISTURE 14OZ ABSOR,PERSONAL CARE - GROOMING & HYGIENE,FRESHENERS/DEODORIZERS,0.78,0.19
163,LIC SCNT SOAP 8Z,PERSONAL CARE - GROOMING & HYGIENE,PERSONAL CLEANING & WASHING - GENERAL,0.78,0.79
75,LDR ADAPABLE GEL 1.6OZ,PERSONAL CARE - GROOMING & HYGIENE,NAIL POLISH & DECORATION,0.78,0.26
519,PEPCID ACID INDIGESTION,HEALTHCARE,DIGESTIVE & LIVER & OTHER INTESTINAL REMEDIES,0.78,0.85
383,GALLETAS M&M 10 CT,BISCUITS & CONFECTIONERY & SNACKS,SWEET BISCUITS - AMBIENT,0.78,0.69
244,PANTILINERS 10S,PERSONAL CARE - GROOMING & HYGIENE,FEMININE PERSONAL HYGIENE,0.78,0.20
387,SUITY MARSHMALLOWS MINI 10 OZ,BISCUITS & CONFECTIONERY & SNACKS,SUGAR/CANDY - FIXED WEIGHT,0.78,0.49
288,SOFTDRINKS SOFT DRINKS,PERSONAL CARE - GROOMING & HYGIENE,ORAL HYGIENE,0.78,0.61
300,PREMIUM COOKIES MOTHER,BISCUITS & CONFECTIONERY & SNACKS,SWEET BISCUITS - AMBIENT,0.77,0.75
496,CVS CHRCL MNT MSK EACH,PERSONAL CARE - GROOMING & HYGIENE,SKIN CONDITIONING/MOISTURISING,0.77,0.19
409,SOUR GUMMY BURGUER,BISCUITS & CONFECTIONERY & SNACKS,SUGAR/CANDY - FIXED WEIGHT,0.77,0.78
191,CLOROX LINER BLUE CLRX LIN BLU,HOMECARE,EYE COSMETICS,0.77,0.14
412,SSS ORIG BDY LTN 6.7Z,PERSONAL CARE - GROOMING & HYGIENE,SKIN CONDITIONING/MOISTURISING,0.77,0.41
552,FRNCN HAN SAN 2.53,PERSONAL CARE - GROOMING & HYGIENE,PERSONAL CLEANING & WASHING - GENERAL,0.77,0.41
202,PR GARDENIA SPRAY SPRAY N/A,HOMECARE,HAIR CARE,0.77,0.23
761,JABON EXFOLIANTE PK-3,PERSONAL CARE - GROOMING & HYGIENE,PERSONAL CLEANING & WASHING - GENERAL,0.77,0.54
380,GANGI SUPEME PIZZA 107OZ,FOOD - FROZEN,DOUGH PRODUCTS - FROZEN,0.77,0.76
844,ARMANDO PENNE RIGATE 16 OZ,FOOD - AMBIENT,PASTA - AMBIENT,0.77,0.72
282,POPS DOTS CARAMEL 6.00 CT,BISCUITS & CONFECTIONERY & SNACKS,SUGAR/CANDY - FIXED WEIGHT,0.77,0.57
689,ALKA SELTZR PL DM MCS D/N PWM,HEALTHCARE,COUGH COLD & OTHER RESPIRATORY REMEDIES & ACCESSORIES,0.77,0.60
14,BROWNIE 13.00 OZ,FOOD - AMBIENT,CAKES/GATEAUX - AMBIENT,0.77,0.49
242,EL CASERO QUESO BLANCO DEL PAI,FOOD - PERISHABLE,CHEESE - FRESH FIXED WEIGHT,0.77,0.79
664,PREMIER PROTEIN COOKIESYCREAM,HEALTHCARE,VITAMINS & MINERALS & NUTRITIONAL SUPPLEMENTS,0.76,0.77
210,ECONO BAGELS EVERYTHING 20 OZ,FOOD - AMBIENT,BREAD - AMBIENT,0.76,0.33
967,CVS ALLG SNS NSN 7.5Z,PERSONAL CARE - GROOMING & HYGIENE,PERSONAL CLEANING & WASHING - GENERAL,0.76,0.18
307,COCA COLA DIETA 2/12 EA,BEVERAGES - NON ALCOHOLIC,DRINKS FLAVOURED RTD,0.76,0.46
134,PR 6PC BATH SET PP FOX M095,PERSONAL CARE - GROOMING & HYGIENE,PERSONAL CLEANING & WASHING - GENERAL,0.76,0.35
627,SILVER BRIGHT TRATAMIENTO 1.5O,PERSONAL CARE - GROOMING & HYGIENE,HAIR CARE,0.76,0.41
774,CATA OKTOBERFEST 1 EA,PERSONAL CARE - GROOMING & HYGIENE,GENERAL PERSONAL HYGIENE,0.76,0.16
179,MAJA CLASICA SG SET,PERSONAL CARE - GROOMING & HYGIENE,PERSONAL CLEANING & WASHING - GENERAL,0.76,0.29
942,SNOW CONE ZERO,FOOD - FROZEN,ICE CREAM/NOVELTIES - FROZEN,0.76,0.80
908,APPLE PEAR FRUIT 1 EA,BEVERAGES - NON ALCOHOLIC,FRUIT/NUTS - AMBIENT,0.76,0.45
384,AVIVA GALLETA SODA SALTED PACK,BISCUITS & CONFECTIONERY & SNACKS,SAVOURY BISCUITS/CRACKERS - AMBIENT FIXED WEIGHT,0.76,0.77
323,FOK V2.0 CBD PREMIUM ALE 12OZ,BEVERAGES - ALCOHOLIC,BEER/LAGER/ALES - FIXED WEIGHT,0.76,0.75
38,BODY MIST FIRST DESIRE,COSMETICS & FRAGRANCES,FRAGRANCES/COLOGNE,0.76,0.85
272,SUPER MART CLORO 120 OZ,HOMECARE,LAUNDRY SPECIAL CARE,0.76,0.64
377,SENOR PODEROSO SUAVIZADOR 50OZ,HOMECARE,LAUNDRY GENERAL CARE,0.75,0.59
652,CERV ACN FCL CLNSR 5Z,PERSONAL CARE - GROOMING & HYGIENE,FACIAL CLEANSING & TONING,0.75,0.41
27,FRENCH ONION DIP 8 1/2 OZ,FOOD - AMBIENT,DIPS/DRESSINGS/SAUCES - AMBIENT,0.75,0.52
861,PUREX ODOR RELEASE 33 LOADS,HOMECARE,LAUNDRY GENERAL CARE,0.75,0.32
389,B360 HS CLEAN RFL 56Z,PERSONAL CARE - GROOMING & HYGIENE,PERSONAL CLEANING & WASHING - GENERAL,0.75,0.42
421,ROYAL DESINFECT LEMON 32 OZ,HOMECARE,HOUSEHOLD CLEANERS,0.75,0.55
922,ESPONJA 1UD. ECONO ESPONJAS,HOMECARE,HOUSEHOLD CLEANING ACCESSORIES,0.75,0.70
997,BROWNIE BOWL 1.00 EA,FOOD - AMBIENT,CAKES/GATEAUX - AMBIENT,0.75,0.60
250,E FRUTTI PIZZA,FOOD - FROZEN,DOUGH PRODUCTS - FROZEN,0.75,0.73
13,UNKNOWN ITEM,NOT DETERMINED,NOT DETERMINED,0.75,0.76
22,UNKNOWN ITEM,NOT DETERMINED,NOT DETERMINED,0.75,0.76
56,UNKNOWN ITEM,NOT DETERMINED,NOT DETERMINED,0.75,0.76
67,UNKNOWN ITEM,NOT DETERMINED,NOT DETERMINED,0.75,0.76
69,UNKNOWN ITEM,NOT DETERMINED,NOT DETERMINED,0.75,0.76
80,UNKNOWN ITEM,NOT DETERMINED,NOT DETERMINED,0.75,0.76
155,UNKNOWN ITEM,NOT DETERMINED,NOT DETERMINED,0.75,0.76
177,UNKNOWN ITEM,NOT DETERMINED,NOT DETERMINED,0.75,0.76
205,UNKNOWN ITEM,NOT DETERMINED,NOT DETERMINED,0.75,0.76
221,UNKNOWN ITEM,NOT DETERMINED,NOT DETERMINED,0.75,0.76
229,UNKNOWN ITEM,NOT DETERMINED,NOT DETERMINED,0.75,0.76
235,UNKNOWN ITEM,NOT DETERMINED,NOT DETERMINED,0.75,0.76
248,UNKNOWN ITEM,NOT DETERMINED,NOT DETERMINED,0.75,0.76
252,UNKNOWN ITEM,NOT DETERMINED,NOT DETERMINED,0.75,0.76
265,UNKNOWN ITEM,NOT DETERMINED,NOT DETERMINED,0.75,0.76
477,UNKNOWN ITEM,NOT DETERMINED,NOT DETERMINED,0.75,0.76
478,UNKNOWN ITEM,NOT DETERMINED,NOT DETERMINED,0.75,0.76
532,UNKNOWN ITEM,NOT DETERMINED,NOT DETERMINED,0.75,0.76
559,UNKNOWN ITEM,NOT DETERMINED,NOT DETERMINED,0.75,0.76
563,UNKNOWN ITEM,NOT DETERMINED,NOT DETERMINED,0.75,0.76
637,UNKNOWN ITEM,NOT DETERMINED,NOT DETERMINED,0.75,0.76
663,UNKNOWN ITEM,NOT DETERMINED,NOT DETERMINED,0.75,0.76
769,UNKNOWN ITEM,NOT DETERMINED,NOT DETERMINED,0.75,0.76
800,UNKNOWN ITEM,NOT DETERMINED,NOT DETERMINED,0.75,0.76
807,UNKNOWN ITEM,NOT DETERMINED,NOT DETERMINED,0.75,0.76
827,UNKNOWN ITEM,NOT DETERMINED,NOT DETERMINED,0.75,0.76
838,UNKNOWN ITEM,NOT DETERMINED,NOT DETERMINED,0.75,0.76
875,UNKNOWN ITEM,NOT DETERMINED,NOT DETERMINED,0.75,0.76
888,UNKNOWN ITEM,NOT DETERMINED,NOT DETERMINED,0.75,0.76
933,UNKNOWN ITEM,NOT DETERMINED,NOT DETERMINED,0.75,0.76
948,UNKNOWN ITEM,NOT DETERMINED,NOT DETERMINED,0.75,0.76
965,UNKNOWN ITEM,NOT DETERMINED,NOT DETERMINED,0.75,0.76
480,MICKEY MOUSE BAR 4OZ,BISCUITS & CONFECTIONERY & SNACKS,CEREAL/FRUIT/MUESLI BARS,0.75,0.51
290,WALG CERT ACTIVE MODERATE 18S,PERSONAL CARE - GROOMING & HYGIENE,GENERAL PERSONAL HYGIENE,0.75,0.13
160,PALMOLIVE ORANGE,HOMECARE,DISH CARE,0.75,0.71
517,SUNSET SWEETS,BISCUITS & CONFECTIONERY & SNACKS,SUGAR/CANDY - FIXED WEIGHT,0.75,0.81
45,ONE CURL AT A TIME 000000,PERSONAL CARE - GROOMING & HYGIENE,HAIR CARE,0.75,0.72
90,HAPPY MIX 2 OZ. 2.00 OZ,FOOD - AMBIENT,DAIRY/MILK/CREAM/MODIFIERS - AMBIENT,0.75,0.16
161,(SU)PALM LEAVE OUTDOOR TRAVEL,PERSONAL CARE - GROOMING & HYGIENE,HAIR CARE,0.74,0.27
328,ORGANIC BROCCOLI US UNIDAD,FOOD - FROZEN,VEGETABLES/SALAD VEGETABLES - FROZEN,0.74,0.46
944,SANITIZER SPRAY LAVENDER 1 EA,PERSONAL CARE - GROOMING & HYGIENE,PERSONAL CLEANING & WASHING - GENERAL,0.74,0.53
310,AWAKEN BL PEAR BLOSSOM,PERSONAL CARE - GROOMING & HYGIENE,SKIN CONDITIONING/MOISTURISING,0.74,0.32
608,SCHOEPS NUT CONE,FOOD - FROZEN,ICE CREAM/NOVELTIES - FROZEN,0.74,0.77
286,FRSTD FLK TREAT 18CT 14.6OZ,PERSONAL CARE - GROOMING & HYGIENE,HAIR CARE,0.74,0.33
32,BODY ARMOR VARIEDAD,PERSONAL CARE - GROOMING & HYGIENE,SKIN CONDITIONING/MOISTURISING,0.74,0.37
37,OMEGA 3XL 60 SGELS,HEALTHCARE,VITAMINS & MINERALS & NUTRITIONAL SUPPLEMENTS,0.74,0.79
834,GOOD TREATS GOOD TREATS 000001,PET FOOD,DOG FOOD,0.74,0.63
473,BATERIAS POWER PLUS AA 16PK,HOMECARE MERCHANDISE,BATTERIES/CHARGERS,0.74,0.70
823,ODOR GEL BEADS,HOMECARE,FRESHENERS/DEODORIZERS,0.74,0.60
902,ODOR GEL BEADS,HOMECARE,FRESHENERS/DEODORIZERS,0.74,0.60
539,SUIZA AGUA PURA VIDA 16.90 OZ,BEVERAGES - NON ALCOHOLIC,WATER,0.74,0.61
62,BR CLRSCRN LTN 30 5Z,PERSONAL CARE - GROOMING & HYGIENE,SKIN CONDITIONING/MOISTURISING,0.73,0.25
390,CREAM TL PMK PUMPKINS,PERSONAL CARE - GROOMING & HYGIENE,SKIN CONDITIONING/MOISTURISING,0.73,0.70
981,BB HND FACE WIPES EACH,PERSONAL CARE - GROOMING & HYGIENE,FACIAL CLEANSING & TONING,0.73,0.56
734,QC MOTION SICKNESS RELIEF 12 T,HEALTHCARE,COUGH COLD & OTHER RESPIRATORY REMEDIES & ACCESSORIES,0.73,0.36
549,EL PIONERO LECHE EVAPORADA,FOOD - AMBIENT,DAIRY/MILK/CREAM/MODIFIERS - AMBIENT,0.73,0.75
466,CVS SHMPOO GLV 12CT,PERSONAL CARE - GROOMING & HYGIENE,GENERAL PERSONAL HYGIENE,0.73,0.29
367,NUTTY BUDDY SUNDAE CONE,FOOD - FROZEN,ICE CREAM/NOVELTIES - FROZEN,0.73,0.72
561,ZEST LHS 7.5Z,PERSONAL CARE - GROOMING & HYGIENE,PERSONAL CLEANING & WASHING - GENERAL,0.73,0.75
372,EYE FAST HOME,HEALTHCARE,SKIN CONDITIONING/MOISTURISING,0.73,0.30
435,SOOTH GRAIN GRANOLA BAR 4.9 OZ,BISCUITS & CONFECTIONERY & SNACKS,CEREAL/FRUIT/MUESLI BARS,0.73,0.69
773,HAM & CHEESE TRAY 1.00 LB,FOOD - PERISHABLE,SPECIALIST COMBINATION PACKS - AMBIENT,0.73,0.38
236,CVS MKU RMV O/F 4Z,PERSONAL CARE - GROOMING & HYGIENE,SKIN CONDITIONING/MOISTURISING,0.73,0.19
747,VIA NATURAL JOJOBA OIL DISP,PERSONAL CARE - GROOMING & HYGIENE,HAIR CARE,0.73,0.57
758,SPONGES SET 3 PCS,HOMECARE,HOUSEHOLD CLEANING ACCESSORIES,0.73,0.58
705,JUGO DE TORONJA 16 OZ,BEVERAGES - NON ALCOHOLIC,JUICES (10%-100%),0.73,0.40
819,TERRAPIN CHOCOLATE PEANUT BUTT,BISCUITS & CONFECTIONERY & SNACKS,SWEET BISCUITS - AMBIENT,0.73,0.25
373,LDR EYE HEALTH LUTEIN,HEALTHCARE,EYE COSMETICS,0.73,0.29
101,POME UP POMEGRANATE 4.4 OZ,PERSONAL CARE - GROOMING & HYGIENE,SKIN CONDITIONING/MOISTURISING,0.72,0.39
865,75% ALCOHOL WIPES,PERSONAL CARE - GROOMING & HYGIENE,FACIAL CLEANSING & TONING,0.72,0.67
592,DULCES JUMBO PEANUTS 40 EA,FOOD - AMBIENT,FRUIT/NUTS - AMBIENT,0.72,0.65
124,KC STIR FRY 16OZ,FOOD - FROZEN,VEGETABLES/SALAD VEGETABLES - FROZEN,0.72,0.64
432,BLUE BELL SANDWICH NEAPOL,FOOD - FROZEN,ICE CREAM/NOVELTIES - FROZEN,0.72,0.49
382,GALLETAS AVENA DE 4 CT 4.00 CT,BISCUITS & CONFECTIONERY & SNACKS,SWEET BISCUITS - AMBIENT,0.72,0.49
540,APPLE CIDER JUICE 64.00 OZ,BEVERAGES - NON ALCOHOLIC,JUICES (10%-100%),0.72,0.72
686,CVS DETX FCL TWLT 25CT,PERSONAL CARE - GROOMING & HYGIENE,FACIAL CLEANSING & TONING,0.72,0.15
492,BAKEMATE MINI CRACKER7.5 OZ,BISCUITS & CONFECTIONERY & SNACKS,SWEET BISCUITS - AMBIENT,0.72,0.55
647,DD FLR CLNR PINE 28Z,HOMECARE,HOUSEHOLD CLEANERS,0.72,0.54
628,STERA HND SANI WPS 10S,PERSONAL CARE - GROOMING & HYGIENE,PERSONAL CLEANING & WASHING - GENERAL,0.72,0.51
737,SOGUD CARROTS 2.75 OZ,FOOD - FROZEN,PERSONAL CLEANING & WASHING - GENERAL,0.72,0.17
578,OKA PURE ROSE ORIGINAL 16.9OZ.,BEVERAGES - NON ALCOHOLIC,WATER,0.72,0.51
949,IMODIUM AD,HEALTHCARE,DIGESTIVE & LIVER & OTHER INTESTINAL REMEDIES,0.72,0.66
500,TC FAST ACTING DAIRY60C RELIE,HEALTHCARE,COUGH COLD & OTHER RESPIRATORY REMEDIES & ACCESSORIES,0.72,0.14
629,EZYWIPE CLEANSING TOWELS,PERSONAL CARE - GROOMING & HYGIENE,FACIAL CLEANSING & TONING,0.72,0.52
881,COOKIES Y CREAM,BISCUITS & CONFECTIONERY & SNACKS,SWEET BISCUITS - AMBIENT,0.72,0.38
427,RC CHERRY POP,BISCUITS & CONFECTIONERY & SNACKS,SUGAR/CANDY - FIXED WEIGHT,0.72,0.59
493,TOSH VAINILLA,BISCUITS & CONFECTIONERY & SNACKS,SWEET BISCUITS - AMBIENT,0.71,0.76
616,ARREGLO PADRE LACTOVIT SF,PERSONAL CARE - GROOMING & HYGIENE,PERSONAL CLEANING & WASHING - GENERAL,0.71,0.21
593,PILLSBURY GALLETAS AVENA 3 CT,BISCUITS & CONFECTIONERY & SNACKS,SWEET BISCUITS - AMBIENT,0.71,0.63
335,LECHE EVAPORADA 12 OZ,FOOD - AMBIENT,DAIRY/MILK/CREAM/MODIFIERS - AMBIENT,0.71,0.62
980,LECHE EVAPORADA 12 OZ,FOOD - AMBIENT,DAIRY/MILK/CREAM/MODIFIERS - AMBIENT,0.71,0.62
341,ULTRA PROTECT 60CT 60CT,HEALTHCARE,VITAMINS & MINERALS & NUTRITIONAL SUPPLEMENTS,0.71,0.79
715,HEINRKRN CAJA LATA 24PCS,BISCUITS & CONFECTIONERY & SNACKS,SWEET BISCUITS - AMBIENT,0.71,0.30
58,CHOCOLATE TWIST 2.65 OZ,BISCUITS & CONFECTIONERY & SNACKS,SWEET BISCUITS - AMBIENT,0.71,0.55
99,LAGROW IPA,BEVERAGES - ALCOHOLIC,BEER/LAGER/ALES - FIXED WEIGHT,0.71,0.54
84,BOOST,HEALTHCARE,VITAMINS & MINERALS & NUTRITIONAL SUPPLEMENTS,0.71,0.76
985,PETS LIKE PUPPY 22 LBS,PET FOOD,DOG FOOD,0.70,0.77
285,TH BLCH TAB ORG 32CT,HEALTHCARE,VITAMINS & MINERALS & NUTRITIONAL SUPPLEMENTS,0.70,0.18
731,OPP PH OPP PH CAT 1.0EA,PERSONAL CARE - GROOMING & HYGIENE,PERSONAL CLEANING & WASHING - GENERAL,0.70,0.19
410,DENTYNE ICE MINTS 50 UN,BISCUITS & CONFECTIONERY & SNACKS,SUGAR/CANDY - FIXED WEIGHT,0.70,0.83
679,SOAP DISH,HOMECARE,DISH CARE,0.70,0.57
558,CVS CLTRMZL CRM1% 1Z,PERSONAL CARE - GROOMING & HYGIENE,SKIN CONDITIONING/MOISTURISING,0.70,0.24
150,CVS LIDO RLON LVDR 2.5Z,PERSONAL CARE - GROOMING & HYGIENE,PERSONAL CLEANING & WASHING - GENERAL,0.70,0.14
15,MINI BROWNIE BOWL 1.00 EA,FOOD - AMBIENT,CAKES/GATEAUX - AMBIENT,0.70,0.68
768,CVP D40 CVP 1ST MD 000001,PERSONAL CARE - GROOMING & HYGIENE,PERSONAL CLEANING & WASHING - GENERAL,0.70,0.14
989,TISSUE 20 HOJAS 1 EA,KITCHEN & TABLEWARE,TABLEWARE/DRINKWARE - DISPOSABLE,0.70,0.76
587,COPPERTONE ULTRA GUARD,PERSONAL CARE - GROOMING & HYGIENE,SKIN TANNING,0.70,0.50
274,BIO SUAVIZADOR BEBE,HOMECARE,LAUNDRY GENERAL CARE,0.70,0.58
609,MASTER PALETAS,FOOD - FROZEN,ICE CREAM/NOVELTIES - FROZEN,0.70,0.70
273,BIO SUAVIZADOR CARICIAS,HOMECARE,LAUNDRY GENERAL CARE,0.70,0.64
796,ESPONJA METAL,HOMECARE,HOUSEHOLD CLEANING ACCESSORIES,0.69,0.56
583,PANOXYL PM PATCH 40CT,HEALTHCARE,PAIN RELIEF,0.69,0.74
979,SUNKIST 24OZ.,FOOD - AMBIENT,PERSONAL CLEANING & WASHING - GENERAL,0.69,0.15
973,TRVL KIT ADLT 7PC KIT,PERSONAL CARE - GROOMING & HYGIENE,HAIR CARE,0.69,0.20
241,SS SC DIFF SET MID DIFF SET NA,PERSONAL CARE - GROOMING & HYGIENE,SKIN CONDITIONING/MOISTURISING,0.69,0.40
443,SMILE&SAVE/CH BATH TISSUE,PERSONAL CARE - GROOMING & HYGIENE,PERSONAL CLEANING & WASHING - GENERAL,0.69,0.25
259,PALOS DE MADERA 1 EA,PERSONAL CARE - GROOMING & HYGIENE,SKIN CONDITIONING/MOISTURISING,0.69,0.06
103,SPL HYDR NOSE STRP EACH,PERSONAL CARE - GROOMING & HYGIENE,SKIN CONDITIONING/MOISTURISING,0.69,0.23
7,DANIELE SOPRESSATA,FOOD - PERISHABLE,MEAT/POULTRY/GAME - FRESH FIXED WEIGHT,0.69,0.67
685,CVS ANTMBL GZE PD 20CT,PERSONAL CARE - GROOMING & HYGIENE,CIGARETTES/CIGARS,0.69,0.10
520,ALWAYS SHIMMER 000000 6,PERSONAL CARE - GROOMING & HYGIENE,FEMININE PERSONAL HYGIENE,0.69,0.61
528,SIN DESCRIPCION 014-KMART,NOT DETERMINED,NOT DETERMINED,0.68,0.70
571,SIN DESCRIPCION 014-KMART,NOT DETERMINED,NOT DETERMINED,0.68,0.70
706,SIN DESCRIPCION 014-KMART,NOT DETERMINED,NOT DETERMINED,0.68,0.70
818,SIN DESCRIPCION 014-KMART,NOT DETERMINED,NOT DETERMINED,0.68,0.70
824,SIN DESCRIPCION 014-KMART,NOT DETERMINED,NOT DETERMINED,0.68,0.70
880,SIN DESCRIPCION 014-KMART,NOT DETERMINED,NOT DETERMINED,0.68,0.70
898,SIN DESCRIPCION 014-KMART,NOT DETERMINED,NOT DETERMINED,0.68,0.70
956,SIN DESCRIPCION 014-KMART,NOT DETERMINED,NOT DETERMINED,0.68,0.70
983,BUSCH CAN BUSCH CAN 000004,BEVERAGES - ALCOHOLIC,BEER/LAGER/ALES - FIXED WEIGHT,0.68,0.58
271,OGOGY CABELLO GRASO,PERSONAL CARE - GROOMING & HYGIENE,HAIR CARE,0.68,0.44
565,PINO XXXXXXX,HOMECARE,HOUSEHOLD CLEANERS,0.68,0.66
324,GALLETAS MACADAMIA 10 CT,BISCUITS & CONFECTIONERY & SNACKS,SWEET BISCUITS - AMBIENT,0.68,0.62
514,ALCOHOL WIPES,PERSONAL CARE - GROOMING & HYGIENE,FACIAL CLEANSING & TONING,0.68,0.61
441,LB MINRL BDY LT 50 6Z,PERSONAL CARE - GROOMING & HYGIENE,SKIN CONDITIONING/MOISTURISING,0.68,0.23
275,MATILDA BELGIAN STYLE ALE,BEVERAGES - ALCOHOLIC,BEER/LAGER/ALES - FIXED WEIGHT,0.68,0.66
610,CACAHUATE FRITO SALADO 3.5OZ.,FOOD - AMBIENT,FRUIT/NUTS - AMBIENT,0.68,0.28
140,NIKINI 10 OZ INDIVIDUAL,PERSONAL CARE - GROOMING & HYGIENE,HAIR CARE,0.68,0.42
792,BIO NATURAL 000000,PERSONAL CARE - GROOMING & HYGIENE,HAIR CARE,0.68,0.64
670,CREME BRULEE 4 OZ,PERSONAL CARE - GROOMING & HYGIENE,HAIR CARE,0.68,0.43
424,CREMA CON PROTECTOMX PROTECTOR,PERSONAL CARE - GROOMING & HYGIENE,HAIR CARE,0.68,0.53
208,MS 5PC SET BEE MS BEE SET 1 EA,PERSONAL CARE - GROOMING & HYGIENE,SKIN CONDITIONING/MOISTURISING,0.68,0.22
770,NESQUIK CHOCOLATE,FOOD - FROZEN,COCOA/CHOCOLATE/MALTED DRINKS,0.68,0.44
481,PYJ PISTACHO SF 12OZ 12 OZ,FOOD - AMBIENT,HAIR CARE,0.67,0.35
434,KELLOGGS POP TARTS CHOCO FUDGE,BISCUITS & CONFECTIONERY & SNACKS,CEREALS/TOASTER PASTRIES - AMBIENT,0.67,0.80
348,STRIVE SMORES LO CARB BAR,BISCUITS & CONFECTIONERY & SNACKS,CEREAL/FRUIT/MUESLI BARS,0.67,0.68
320,ASSORTMENTPR FRUIT BOD WSH AST,PERSONAL CARE - GROOMING & HYGIENE,PERSONAL CLEANING & WASHING - GENERAL,0.67,0.71
82,TCS DP BRT EYE MK EACH,PERSONAL CARE - GROOMING & HYGIENE,SKIN CONDITIONING/MOISTURISING,0.67,0.29
872,DN PORE EXTRACTOR EACH,PERSONAL CARE - GROOMING & HYGIENE,SKIN CONDITIONING/MOISTURISING,0.67,0.22
194,HD STRWCRM BAR,BISCUITS & CONFECTIONERY & SNACKS,CEREAL/FRUIT/MUESLI BARS,0.67,0.54
109,A/G MULTIPURPOSE,HEALTHCARE,EYE CARE,0.67,0.55
174,KONA BIG WAVE GOLDEN ALE,BEVERAGES - ALCOHOLIC,BEER/LAGER/ALES - FIXED WEIGHT,0.67,0.65
44,VIT CHILD CH / 30 TABLE,HEALTHCARE,VITAMINS & MINERALS & NUTRITIONAL SUPPLEMENTS,0.67,0.35
102,WALG IC/BLU MINT PPR 744 3.25Z,PERSONAL CARE - GROOMING & HYGIENE,ORAL HYGIENE,0.67,0.20
192,SNICKER ALMOND,FOOD - AMBIENT,FRUIT/NUTS - AMBIENT,0.66,0.45
591,PETS LIKE ADULT 22 LBS,PET FOOD,DOG FOOD,0.66,0.64
677,CIELO PAPEL SANITARIO DOBLE,PERSONAL CARE - GROOMING & HYGIENE,SKIN CONDITIONING/MOISTURISING,0.66,0.14
243,QUESOS DAKI DEL PAIS 6 OZ,FOOD - PERISHABLE,CHEESE - FRESH FIXED WEIGHT,0.66,0.45
322,WIPES KOREAN,PERSONAL CARE - GROOMING & HYGIENE,FACIAL CLEANSING & TONING,0.66,0.61
780,COFFEEMATE HAZELNUT CREAMER,FOOD - AMBIENT,DAIRY/MILK/CREAM/MODIFIERS - AMBIENT,0.66,0.77
486,EH ELECROSTATIC DUST.01C 1 EA,PERSONAL CARE - GROOMING & HYGIENE,GENERAL PERSONAL HYGIENE,0.66,0.09
707,CVS AD WPE W/SOL 30CT,PERSONAL CARE - GROOMING & HYGIENE,VITAMINS & MINERALS & NUTRITIONAL SUPPLEMENTS,0.66,0.17
832,NATURALLY ALMOND ORIGINAL,FOOD - AMBIENT,FRUIT/NUTS - AMBIENT,0.66,0.25
170,SOLEY LIMPIA INODORO BLANCO,HOMECARE MERCHANDISE,HOUSEHOLD CLEANING HARDWARE,0.66,0.65
694,11 COGNAC,BEVERAGES - ALCOHOLIC,BEER/LAGER/ALES - FIXED WEIGHT,0.65,0.21
972,DIPIN DIP CILANTRILLO 8OZ,FOOD - AMBIENT,DIPS/DRESSINGS/SAUCES - AMBIENT,0.65,0.54
699,BON O BON CHOCOLATE,BISCUITS & CONFECTIONERY & SNACKS,CHOCOLATE/CHOCOLATE SUBSTITUTES - FIXED WEIGHT,0.65,0.40
778,NESCAFE SELECTO 3.6 OZ,BEVERAGES - NON ALCOHOLIC,COFFEE/COFFEE SUBSTITUTES,0.65,0.70
978,CVS SPRT LTN 50 8 Z,PERSONAL CARE - GROOMING & HYGIENE,SKIN CONDITIONING/MOISTURISING,0.65,0.17
692,SALUTARIS MANDARIN LATA,FOOD - AMBIENT,FRUIT/NUTS - AMBIENT,0.65,0.22
619,MCCAIN SAVORY FRIES 750 GM,FOOD - FROZEN,POTATO - FROZEN,0.65,0.71
759,2PCS COOPER PLATED SCOURER,HOMECARE,HOUSEHOLD CLEANING ACCESSORIES,0.65,0.42
550,B YET KETCHUP SQUEEZ24FZ,FOOD - AMBIENT,DIPS/DRESSINGS/SAUCES - AMBIENT,0.65,0.80
859,DETOX WATER BOTTLE 1.00 CT,BEVERAGES - NON ALCOHOLIC,WATER,0.64,0.56
630,DOCTOR MECANICO COMBO PAILA,HOMECARE,HOUSEHOLD CLEANERS,0.64,0.18
886,SATIVA ENERGY,BEVERAGES - NON ALCOHOLIC,SPORTS/ENERGY DRINKS,0.64,0.62
943,AL AT GRAPHIC ATTITUXS-BLACK O,HEALTHCARE,COUGH COLD & OTHER RESPIRATORY REMEDIES & ACCESSORIES,0.64,0.82
655,GENOA SALAME 3OZ.,FOOD - PERISHABLE,MEAT/POULTRY/GAME - FRESH FIXED WEIGHT,0.64,0.53
347,TISSUE PAPER,PERSONAL CARE - GROOMING & HYGIENE,SKIN CONDITIONING/MOISTURISING,0.64,0.59
3,NS VIT E 400 IU 000000 60,PERSONAL CARE - GROOMING & HYGIENE,SKIN CONDITIONING/MOISTURISING,0.63,0.19
437,BI MAKE UP COMPACT COMPACT NA,COSMETICS & FRAGRANCES,FACE COSMETICS,0.63,0.71
232,PRO MANI SALADO 2 OZ,FOOD - AMBIENT,FRUIT/NUTS - AMBIENT,0.63,0.61
784,THB LEAUE IN 12 OZ.,PERSONAL CARE - GROOMING & HYGIENE,HAIR CARE,0.63,0.77
625,L VITAMINA C COM 3000,PERSONAL CARE - GROOMING & HYGIENE,SKIN CONDITIONING/MOISTURISING,0.63,0.33
905,LEDERMIS ME CHRISTMAS KIT,PERSONAL CARE - GROOMING & HYGIENE,HAIR CARE,0.63,0.21
574,OKA PURE ROSE MONGO 16.9OZ.,BEVERAGES - NON ALCOHOLIC,WATER,0.63,0.47
158,DULCES MEDIA SANDIA POP 48 EA,BISCUITS & CONFECTIONERY & SNACKS,SUGAR/CANDY - FIXED WEIGHT,0.62,0.73
94,SPICY MAYO 2-OZ 1 EA,FOOD - AMBIENT,DIPS/DRESSINGS/SAUCES - AMBIENT,0.62,0.74
995,POWERBOOST POWER BOOST,HEALTHCARE,VITAMINS & MINERALS & NUTRITIONAL SUPPLEMENTS,0.62,0.77
740,D56 REDUCED 1ST MD CVP 000001,PERSONAL CARE - GROOMING & HYGIENE,PERSONAL CLEANING & WASHING - GENERAL,0.62,0.13
863,LIQUID VITAMIN C 500MG,HEALTHCARE,VITAMINS & MINERALS & NUTRITIONAL SUPPLEMENTS,0.62,0.58
915,TWISTER DETERGENTE 28.7 OZ.,HOMECARE,HOUSEHOLD CLEANERS,0.62,0.14
793,HAMBURGUER,FOOD - AMBIENT,BREAD - AMBIENT,0.62,0.18
76,VIT D 10-000 60 CAPS,HEALTHCARE,VITAMINS & MINERALS & NUTRITIONAL SUPPLEMENTS,0.62,0.67
873,LAMS 5OZ,BISCUITS & CONFECTIONERY & SNACKS,SNACKS - FIXED WEIGHT,0.62,0.49
538,GVT FORMULA BATTERY WATER 32 O,BEVERAGES - NON ALCOHOLIC,WATER,0.62,0.78
148,FRUTA KIDS APPLE 6.76OZ 6PK,BEVERAGES - NON ALCOHOLIC,JUICES (10%-100%),0.62,0.74
25,KOOL-AID POUCHE 6.75OZ,BEVERAGES - NON ALCOHOLIC,JUICES (10%-100%),0.62,0.53
188,POP TRVL CNTR KIT KIT,PERSONAL CARE - GROOMING & HYGIENE,SKIN CONDITIONING/MOISTURISING,0.62,0.27
209,POP TRVL CNTR KIT KIT,PERSONAL CARE - GROOMING & HYGIENE,SKIN CONDITIONING/MOISTURISING,0.62,0.27
214,PALO C/EXTENCION 4A8,BEVERAGES - ALCOHOLIC,ALCOHOLIC MIXES/COOLERS,0.61,0.42
193,HDCHCH ALM BAR,BISCUITS & CONFECTIONERY & SNACKS,CEREAL/FRUIT/MUESLI BARS,0.61,0.48
333,CLOWN SHOES ZEBRA,BEVERAGES - ALCOHOLIC,BEER/LAGER/ALES - FIXED WEIGHT,0.61,0.54
646,GUMMY BEAR,BISCUITS & CONFECTIONERY & SNACKS,SUGAR/CANDY - FIXED WEIGHT,0.61,0.70
260,TRANSPARENT POWDER FACE POWDER,COSMETICS & FRAGRANCES,FACE COSMETICS,0.61,0.51
86,UNIVERSAL FREEZER BAG 1 EA,KITCHEN & TABLEWARE,KITCHENWARE - DISPOSABLE,0.61,0.50
440,LOREAL SUB MILKY LTN 5.5OZ,PERSONAL CARE - GROOMING & HYGIENE,SKIN CONDITIONING/MOISTURISING,0.61,0.33
349,ROOM SPRAY 165 ML SPRAY 1,HOMECARE,FRESHENERS/DEODORIZERS,0.61,0.63
50,NESTLE DRUMSTICK,FOOD - FROZEN,ICE CREAM/NOVELTIES - FROZEN,0.61,0.48
961,BOULEVARD CALLING IPA,BEVERAGES - ALCOHOLIC,BEER/LAGER/ALES - FIXED WEIGHT,0.61,0.32
913,MINI ROLO 2 PCS,BISCUITS & CONFECTIONERY & SNACKS,CHOCOLATE/CHOCOLATE SUBSTITUTES - FIXED WEIGHT,0.61,0.10
690,CVS CLD CMPRS L EACH,HEALTHCARE,COUGH COLD & OTHER RESPIRATORY REMEDIES & ACCESSORIES,0.61,0.32
456,FRAGATA OLIVE CONDIMENTO 5 LBS,FOOD - AMBIENT,COOKING/EDIBLE OILS - AMBIENT,0.60,0.15
195,HD CNC BAR,BISCUITS & CONFECTIONERY & SNACKS,CEREAL/FRUIT/MUESLI BARS,0.60,0.38
546,CUSHY TOILET PQT 4 ROLLS,HOMECARE,TOILET CARE,0.60,0.21
672,FOREVER MINE,PERSONAL CARE - GROOMING & HYGIENE,SKIN CONDITIONING/MOISTURISING,0.60,0.32
736,LA CANAPR LA CANA 375,FOOD - AMBIENT,SUGAR/SUGAR SUBSTITUTES/SYRUP/TREACLE - AMBIENT FIXED WEIGHT,0.60,0.07
597,CLRLN GEL TOILET 24Z,HOMECARE,TOILET CARE,0.60,0.41
52,EL PASTOREO MANCHEGO REB 8 OZ,FOOD - PERISHABLE,CHEESE - FRESH FIXED WEIGHT,0.60,0.32
581,GILBERT TACO CARNE PIQUE 12 CT,FOOD - AMBIENT,HAIR CARE,0.60,0.10
35,ESPONJA SS,HOMECARE,HOUSEHOLD CLEANING ACCESSORIES,0.60,0.47
754,QC VIT KRILL OIL,PERSONAL CARE - GROOMING & HYGIENE,SKIN CONDITIONING/MOISTURISING,0.60,0.35
572,SUEROX CHINA 21.3OZ.,BEVERAGES - NON ALCOHOLIC,SPORTS/ENERGY DRINKS,0.60,0.41
843,ARMANDO SPAGUETTI 16 OZ,FOOD - AMBIENT,PASTA - AMBIENT,0.60,0.30
682,KEEP CLEAN,PERSONAL CARE - GROOMING & HYGIENE,FACIAL CLEANSING & TONING,0.60,0.26
618,MASCILLA 8 OZ,PERSONAL CARE - GROOMING & HYGIENE,DAIRY/MILK/CREAM/MODIFIERS - AMBIENT,0.60,0.17
46,SUN SETZ PARCHA,BEVERAGES - NON ALCOHOLIC,JUICES (10%-100%),0.60,0.50
63,BR CLRSCRN SRY 30 6Z,PERSONAL CARE - GROOMING & HYGIENE,HAIR CARE,0.59,0.15
24,GRANUTS 6.34 OZ,FOOD - AMBIENT,HAIR CARE,0.59,0.18
470,ZICAM 000000,HEALTHCARE,COUGH COLD & OTHER RESPIRATORY REMEDIES & ACCESSORIES,0.59,0.35
404,OMMEGANG BOURBON BARREL,BEVERAGES - ALCOHOLIC,BEER/LAGER/ALES - FIXED WEIGHT,0.59,0.14
329,GERBER ORG PEAR 1ST FOOD,BABY FOOD SPECIALISED,BABY FOOD,0.59,0.63
428,TOP POPS,FOOD - FROZEN,ICE CREAM/NOVELTIES - FROZEN,0.59,0.51
184,CICLON BERRY STRONG,BEVERAGES - NON ALCOHOLIC,SPORTS/ENERGY DRINKS,0.59,0.51
48,COLORINA 214 GLOW IN,PERSONAL CARE - GROOMING & HYGIENE,HAIR CARE,0.59,0.25
530,COMPOTA MANZANA/AVENA 4 OZ,PERSONAL CARE - GROOMING & HYGIENE,PERSONAL CLEANING & WASHING - GENERAL,0.59,0.22
178,MENTOS PURE MINT,PERSONAL CARE - GROOMING & HYGIENE,ORAL HYGIENE,0.59,0.52
353,DULCES,PUERTO RICO CONSUMER PANEL BOOK ITEMS,PUERTO RICO CONSUMER PANEL,0.59,0.51
820,15OZ VAN CIN BRULEE,FOOD - AMBIENT,VEGETABLES/SALAD VEGETABLES - AMBIENT,0.58,0.17
553,WHTGR ANTIBAC LHS 32Z,PERSONAL CARE - GROOMING & HYGIENE,PERSONAL CLEANING & WASHING - GENERAL,0.58,0.55
399,YES STEVIA 24/60CT,FOOD - AMBIENT,SUGAR/SUGAR SUBSTITUTES/SYRUP/TREACLE - AMBIENT FIXED WEIGHT,0.58,0.58
68,FLORIDA NATURAL PREMIUM 64OZ.,BEVERAGES - NON ALCOHOLIC,JUICES (10%-100%),0.58,0.57
204,MAJA PLUM BLOSSOM TIN SET,PERSONAL CARE - GROOMING & HYGIENE,SKIN CONDITIONING/MOISTURISING,0.58,0.39
907,GIANT 40OZ,HOMECARE,HOUSEHOLD CLEANERS,0.58,0.69
364,LEADER LANSOPRAZOLE 15MG,HEALTHCARE,DIGESTIVE & LIVER & OTHER INTESTINAL REMEDIES,0.58,0.40
855,BEER LOVERS GAME 2OZ,BEVERAGES - ALCOHOLIC,BEER/LAGER/ALES - FIXED WEIGHT,0.58,0.54
442,MUMAYSPUR0055 SUN 000001 55-18,FOOD - AMBIENT,SKIN TANNING,0.58,0.14
945,SANITIZER SPRAY FLORAL 1 EA,PERSONAL CARE - GROOMING & HYGIENE,PERSONAL CLEANING & WASHING - GENERAL,0.58,0.45
673,AC DELCO BATERIA 3V CR1632,HEALTHCARE,PAIN RELIEF,0.58,0.67
615,AMARETTI WAFFER 90 GR,BISCUITS & CONFECTIONERY & SNACKS,SWEET BISCUITS - AMBIENT,0.58,0.44
53,AZU YERBA MATE,FOOD - AMBIENT,HAIR CARE,0.57,0.08
217,PRO PLATANUTRE MADUROS,PERSONAL CARE - GROOMING & HYGIENE,HAIR CARE,0.57,0.23
9,D CAMPO BEBIDA DE LIMON 16 OZ,BEVERAGES - NON ALCOHOLIC,PERSONAL CLEANING & WASHING - GENERAL,0.57,0.16
518,CARAMELO VAINILLA,BISCUITS & CONFECTIONERY & SNACKS,SWEET BISCUITS - AMBIENT,0.57,0.25
463,HAM SLIDER D&W 1.00 CT,FOOD - PERISHABLE,MEAT/POULTRY/GAME - FRESH FIXED WEIGHT,0.57,0.69
791,SANITIZING SPRAY 32 OZ,HOMECARE,INSECT CONTROL,0.57,0.24
777,SUPERMAX JAPANESE MIX 16 OZ,FOOD - AMBIENT,CAKES/GATEAUX - AMBIENT,0.57,0.18
181,B360 EYE MKU RMV 8.25,PERSONAL CARE - GROOMING & HYGIENE,EYE COSMETICS,0.57,0.37
406,CLOWN SHOES GORDO,BEVERAGES - ALCOHOLIC,BEER/LAGER/ALES - FIXED WEIGHT,0.57,0.46
95,CT SPRT VAL LT 30 9.1Z,PERSONAL CARE - GROOMING & HYGIENE,SKIN CONDITIONING/MOISTURISING,0.57,0.16
253,JU EYE FLOU JU EYE FLOUN 10,PERSONAL CARE - GROOMING & HYGIENE,EYE COSMETICS,0.57,0.36
363,GLOBAL CARE LEMON ANTIBAC 12OZ,HOMECARE,PERSONAL CLEANING & WASHING - GENERAL,0.56,0.39
151,ALMENDRAS Y COCO,PERSONAL CARE - GROOMING & HYGIENE,PERSONAL CLEANING & WASHING - GENERAL,0.56,0.12
801,SUPERMAX STEVIA 50 CT,FOOD - AMBIENT,SUGAR/SUGAR SUBSTITUTES/SYRUP/TREACLE - AMBIENT FIXED WEIGHT,0.56,0.57
671,TEAL STICK TE STICK 000001,PERSONAL CARE - GROOMING & HYGIENE,DEODORANTS,0.56,0.67
674,SMARTIES,BISCUITS & CONFECTIONERY & SNACKS,SUGAR/CANDY - FIXED WEIGHT,0.56,0.68
501,MITI MITI MENTA,BISCUITS & CONFECTIONERY & SNACKS,SUGAR/CANDY - FIXED WEIGHT,0.56,0.47
959,DIPIN DIP GUAYABA 8OZ,FOOD - AMBIENT,DIPS/DRESSINGS/SAUCES - AMBIENT,0.56,0.60
968,NUTELLA TRES LECHES 12-OZ 1 EA,PERSONAL CARE - GROOMING & HYGIENE,DAIRY/MILK/CREAM/MODIFIERS - AMBIENT,0.56,0.17
700,CB CARAMEL PECAN 000000 9.88OZ,BISCUITS & CONFECTIONERY & SNACKS,ICE CREAM/NOVELTIES - FROZEN,0.56,0.30
651,MJM ENRGY MSK SLVR .88Z,PERSONAL CARE - GROOMING & HYGIENE,SKIN CONDITIONING/MOISTURISING,0.56,0.25
249,BERRY BAOXOIM,BEVERAGES - NON ALCOHOLIC,JUICES (10%-100%),0.55,0.24
950,SPRITE MINI,BISCUITS & CONFECTIONERY & SNACKS,SWEET BISCUITS - AMBIENT,0.55,0.20
882,BARBER BARBR 000001,PERSONAL CARE - GROOMING & HYGIENE,HAIR CARE,0.55,0.11
963,POP GM PR POPPING GM,BISCUITS & CONFECTIONERY & SNACKS,SNACKS - FIXED WEIGHT,0.55,0.11
505,ALMON ROCA DARK 3 PCS,BISCUITS & CONFECTIONERY & SNACKS,CHOCOLATE/CHOCOLATE SUBSTITUTES - FIXED WEIGHT,0.55,0.50
415,SUPER PERRO CRUPIS BEEF TROCIT,PET FOOD,DOG FOOD,0.55,0.57
666,ULTRA ENERGY,BEVERAGES - NON ALCOHOLIC,SPORTS/ENERGY DRINKS,0.55,0.61
660,CRUPIS CHULETA 6 OZ,PERSONAL CARE - GROOMING & HYGIENE,HAIR CARE,0.55,0.19
499,CHINA SUMO US,BEVERAGES - NON ALCOHOLIC,JUICES (10%-100%),0.55,0.36
461,BYET PEAR SLICES PJ 15OZ,FOOD - AMBIENT,FRUIT/NUTS - AMBIENT,0.54,0.30
314,LDR DAILY FIBER 54 PK,HEALTHCARE,DIGESTIVE & LIVER & OTHER INTESTINAL REMEDIES,0.54,0.24
716,CERV NT FCL MSTRZR 3Z,PERSONAL CARE - GROOMING & HYGIENE,SKIN CONDITIONING/MOISTURISING,0.54,0.14
199,NATURAL LIGHT NR NAT LT,PERSONAL CARE - GROOMING & HYGIENE,SKIN CONDITIONING/MOISTURISING,0.54,0.20
416,ATUN PR ATUN PORTION1 LB,FOOD - AMBIENT,HAIR CARE,0.54,0.09
693,10 COGNAC,PERSONAL CARE - GROOMING & HYGIENE,HAIR CARE,0.54,0.30
223,CLOROX KT BLUE KT NA,HOMECARE,PAIN RELIEF,0.54,0.08
394,DK12 JABON ANT. CREAMY 4 PACK,PERSONAL CARE - GROOMING & HYGIENE,PERSONAL CLEANING & WASHING - GENERAL,0.54,0.53
358,MS MULTI FARMHOU MULTI OIL NA,HEALTHCARE,VITAMINS & MINERALS & NUTRITIONAL SUPPLEMENTS,0.54,0.27
302,PALETA CORAZONES,FOOD - FROZEN,ICE CREAM/NOVELTIES - FROZEN,0.54,0.41
278,CHEF FACTORY WH KERNEL SWEET C,FOOD - PERISHABLE,VEGETABLES/SALAD VEGETABLES - AMBIENT,0.54,0.37
498,MELON AGUA PERSONAL 11 EA,PERSONAL CARE - GROOMING & HYGIENE,WATER,0.54,0.42
305,PR HD-SODA S SODA S,BISCUITS & CONFECTIONERY & SNACKS,SAVOURY BISCUITS/CRACKERS - AMBIENT FIXED WEIGHT,0.54,0.51
306,PR HD-SODA L SODA L,BISCUITS & CONFECTIONERY & SNACKS,SAVOURY BISCUITS/CRACKERS - AMBIENT FIXED WEIGHT,0.54,0.51
462,PURO SUIZA PINA,FOOD - AMBIENT,COOKING/EDIBLE OILS - AMBIENT,0.54,0.33
196,VAINILLA SLICE,FOOD - PERISHABLE,SWEET BISCUITS - AMBIENT,0.54,0.27
787,DETERGENTE EN POLVO BIO POWDER,HOMECARE,LAUNDRY GENERAL CARE,0.54,0.31
401,FRUIT MINI JELLY 100 UN,BEVERAGES - NON ALCOHOLIC,SUGAR/CANDY - FIXED WEIGHT,0.53,0.59
783,TH UNSC WH MST 3OZ 3Z,PERSONAL CARE - GROOMING & HYGIENE,MEAT/POULTRY/GAME - FRESH FIXED WEIGHT,0.53,0.22
171,PRO PLATANUTRE SALADO,PERSONAL CARE - GROOMING & HYGIENE,HAIR CARE,0.53,0.25
710,AGRANDAR REFRESCO 1 EA,PERSONAL CARE - GROOMING & HYGIENE,GENERAL PERSONAL HYGIENE,0.53,0.20
261,PIZZA GUMMY,FOOD - FROZEN,DOUGH PRODUCTS - FROZEN,0.53,0.49
264,PIZZA GUMMY,FOOD - FROZEN,DOUGH PRODUCTS - FROZEN,0.53,0.49
326,DIF CLNSR BPO 4Z,PERSONAL CARE - GROOMING & HYGIENE,SKIN CONDITIONING/MOISTURISING,0.53,0.19
153,BAI ANTIOXIDANT INFUSION MELON,PERSONAL CARE - GROOMING & HYGIENE,JUICES (10%-100%),0.53,0.66
866,HOLSUM PAN DE CANELA 16 OZ.,FOOD - AMBIENT,HAIR CARE,0.52,0.24
284,BRIDE GROOM STMLS B/G STMLS,PERSONAL CARE - GROOMING & HYGIENE,HAIR CARE,0.52,0.29
928,ESPONJA DE 7 EA TODO A PESO,HOMECARE,HOUSEHOLD CLEANING ACCESSORIES,0.52,0.16
308,NATUROLA COCO +CBD,PERSONAL CARE - GROOMING & HYGIENE,HAIR CARE,0.52,0.12
0,HOLSUM COCO,PERSONAL CARE - GROOMING & HYGIENE,SWEET BISCUITS - AMBIENT,0.52,0.26
588,PILLSBURY GALLETAS AZUCAR 3 CT,BISCUITS & CONFECTIONERY & SNACKS,SUGAR/SUGAR SUBSTITUTES/SYRUP/TREACLE - AMBIENT FIXED WEIGHT,0.52,0.26
115,LIMBERS JYN LECHE,PERSONAL CARE - GROOMING & HYGIENE,DAIRY/MILK/CREAM/MODIFIERS - AMBIENT,0.52,0.22
449,OMME GANG ABBEY ALE DUBBEL,BEVERAGES - ALCOHOLIC,BEER/LAGER/ALES - FIXED WEIGHT,0.52,0.36
940,PROFUSION ICE QUEEN,FOOD - FROZEN,ICE CREAM/NOVELTIES - FROZEN,0.52,0.43
864,CR CONDIT.SUNFLOWER 16 OZ,PERSONAL CARE - GROOMING & HYGIENE,HAIR CARE,0.52,0.55
85,UNIVERSAL SANDWICH BAG 1 EA,BISCUITS & CONFECTIONERY & SNACKS,SWEET BISCUITS - AMBIENT,0.51,0.46
187,PR BISMK LEMON ZGT LEMON B 78,HOMECARE,DISH CARE,0.51,0.23
175,BOULEVARD CALLING IPA 16OZ,BEVERAGES - ALCOHOLIC,BEER/LAGER/ALES - FIXED WEIGHT,0.51,0.33
848,CHIARA - 67 MINT 5,PERSONAL CARE - GROOMING & HYGIENE,ORAL HYGIENE,0.51,0.62
411,SUPER POP,BISCUITS & CONFECTIONERY & SNACKS,SUGAR/CANDY - FIXED WEIGHT,0.51,0.42
403,STONE RUINATION DOUBLE IPA,BEVERAGES - ALCOHOLIC,BEER/LAGER/ALES - FIXED WEIGHT,0.51,0.33
802,SUPERMAX STEVIA 100 CT,FOOD - AMBIENT,SUGAR/SUGAR SUBSTITUTES/SYRUP/TREACLE - AMBIENT FIXED WEIGHT,0.51,0.46
292,EL LIDER,FOOD - AMBIENT,CHEESE - FRESH FIXED WEIGHT,0.51,0.07
447,ARREGLO DON Q 1.00 EA,PERSONAL CARE - GROOMING & HYGIENE,GENERAL PERSONAL HYGIENE,0.51,0.09
887,DESINFECTANT WIPES 75% ALCOHOL,HOMECARE,FACIAL CLEANSING & TONING,0.51,0.43
396,PR SOPA VIANDA VIANDA 16OZ,FOOD - AMBIENT,HAIR CARE,0.51,0.14
365,LDR LANSOPRAZOLE 15 MG,FOOD - AMBIENT,HAIR CARE,0.51,0.18
833,GV SPRAY PET 2CT 000000 2CT,HOMECARE,HOUSEHOLD CLEANING ACCESSORIES,0.50,0.35
60,M&M PLUSH CAT WITH HEART,PET FOOD,CAT FOOD,0.50,0.63
941,AGUA SANDRA MALDONADO,BEVERAGES - NON ALCOHOLIC,WATER,0.50,0.58
20,LB FOOD INTLRNCE 60CT,HEALTHCARE,VITAMINS & MINERALS & NUTRITIONAL SUPPLEMENTS,0.50,0.42
790,POP CLMING APPL WP 25CT,PERSONAL CARE - GROOMING & HYGIENE,FACIAL CLEANSING & TONING,0.50,0.32
143,PRO ALMENDRAS CON SAL 2 OZ,PERSONAL CARE - GROOMING & HYGIENE,HAIR CARE,0.50,0.61
537,MOJITO BOXPR MOJITO BOX,BISCUITS & CONFECTIONERY & SNACKS,ALCOHOLIC MIXES/COOLERS,0.50,0.15
712,POP DETX CITRS WP 25CT,PERSONAL CARE - GROOMING & HYGIENE,SUGAR/CANDY - FIXED WEIGHT,0.50,0.24
575,NESTLE GOOBERS CHOCOLATE OZ,BISCUITS & CONFECTIONERY & SNACKS,SWEET BISCUITS - AMBIENT,0.50,0.34
108,F/G SN XP EASTON POL X,HEALTHCARE,COUGH COLD & OTHER RESPIRATORY REMEDIES & ACCESSORIES,0.50,0.55
407,ESTRELLA GALICIA MINI 6PK-6.8,BEVERAGES - ALCOHOLIC,BEER/LAGER/ALES - FIXED WEIGHT,0.50,0.42
713,LUNCH BOX,FOOD - AMBIENT,SWEET BISCUITS - AMBIENT,0.49,0.23
612,LA BORINQUENA JUGO MELON 16OZ,BEVERAGES - NON ALCOHOLIC,JUICES (10%-100%),0.49,0.56
782,RECOGEDOR ECO,HOMECARE MERCHANDISE,HAIR CARE,0.49,0.25
430,GB 2ND H GUAVA DS BABY FOOD,PERSONAL CARE - GROOMING & HYGIENE,SKIN CONDITIONING/MOISTURISING,0.49,0.12
87,PR SOFTENERTEN 28OZ 000000,FOOD - AMBIENT,HOUSEHOLD CLEANERS,0.49,0.60
858,NICE CHEESE CRUNCHIES 5OZ,FOOD - PERISHABLE,SNACKS - FIXED WEIGHT,0.49,0.34
385,BARCELONA TOFFEE NUT POP,FOOD - AMBIENT,FRUIT/NUTS - AMBIENT,0.49,0.47
511,SMART SENSE 144FZ GING,PERSONAL CARE - GROOMING & HYGIENE,SKIN CONDITIONING/MOISTURISING,0.49,0.10
359,MS MULTI COZY MULTI OIL NA,HEALTHCARE,VITAMINS & MINERALS & NUTRITIONAL SUPPLEMENTS,0.49,0.22
81,CHICHARRON VOLAO REGULAR 1OZ.,BISCUITS & CONFECTIONERY & SNACKS,SNACKS - FIXED WEIGHT,0.49,0.48
495,CVS COCNT FT MSK EACH,PERSONAL CARE - GROOMING & HYGIENE,SKIN CONDITIONING/MOISTURISING,0.49,0.20
569,FANTA ORANGE 28/10 OZ,BEVERAGES - NON ALCOHOLIC,HOUSEHOLD CLEANERS,0.48,0.26
66,MAGA AVENA CURCUMA COCO ALMEND,PERSONAL CARE - GROOMING & HYGIENE,CEREALS/TOASTER PASTRIES - AMBIENT,0.48,0.29
895,LECHE COCO 14 OZ,PERSONAL CARE - GROOMING & HYGIENE,HAIR CARE,0.48,0.33
116,LATA DE WIPES,PERSONAL CARE - GROOMING & HYGIENE,FACIAL CLEANSING & TONING,0.48,0.35
458,CUBO PICO 12 LT,FOOD - AMBIENT,HAIR CARE,0.48,0.15
203,MAJA CLASICA TIN SET,PERSONAL CARE - GROOMING & HYGIENE,SKIN CONDITIONING/MOISTURISING,0.48,0.23
34,POP CORN YELLOW TASTY 35 LB,FOOD - AMBIENT,SNACKS - FIXED WEIGHT,0.47,0.40
851,MINI FUDGE,FOOD - FROZEN,SWEET BISCUITS - AMBIENT,0.47,0.72
909,CAVENDISH ALWAYS CRISP 1.65 LB,PERSONAL CARE - GROOMING & HYGIENE,FEMININE PERSONAL HYGIENE,0.47,0.11
420,MADURITOS 1.4OZ.,BISCUITS & CONFECTIONERY & SNACKS,SNACKS - FIXED WEIGHT,0.47,0.17
529,COMPOTA DURAZNO S/A 4 OZ,PERSONAL CARE - GROOMING & HYGIENE,HAIR CARE,0.47,0.17
269,GALA OLIVE OIL PROTEIN,PERSONAL CARE - GROOMING & HYGIENE,COOKING/EDIBLE OILS - AMBIENT,0.47,0.41
551,VITAMIN E LEADER 000000 1,PERSONAL CARE - GROOMING & HYGIENE,VITAMINS & MINERALS & NUTRITIONAL SUPPLEMENTS,0.47,0.60
474,SNACKITO TROP. PUNCH 2.5 OZ,BEVERAGES - NON ALCOHOLIC,PERSONAL CLEANING & WASHING - GENERAL,0.47,0.16
889,NICE CARAMEL K-CUPS 12CT,BISCUITS & CONFECTIONERY & SNACKS,ICE CREAM/NOVELTIES - FROZEN,0.47,0.58
516,LATIN DRINKS GUANABANA,BEVERAGES - NON ALCOHOLIC,JUICES (10%-100%),0.47,0.18
691,MM SNACK CHS MM JACK SNACK,FOOD - PERISHABLE,SNACKS - FIXED WEIGHT,0.47,0.15
853,(C)B4SS FZ GM 3.5Z PPR AST,PERSONAL CARE - GROOMING & HYGIENE,SKIN CONDITIONING/MOISTURISING,0.47,0.10
744,ORGAFIX SILICONE 2.65OZ,PERSONAL CARE - GROOMING & HYGIENE,HAIR CARE,0.47,0.10
218,OMMEGANG SOLERA,BEVERAGES - ALCOHOLIC,BEER/LAGER/ALES - FIXED WEIGHT,0.47,0.13
977,TOSTONES TO-GO P.SALTED 13 OZ,FOOD - AMBIENT,HAIR CARE,0.47,0.31
303,MOUNTAIN DEW PADRINO FRIO,BEVERAGES - NON ALCOHOLIC,DRINKS FLAVOURED RTD,0.46,0.21
702,13 COGNAC,PERSONAL CARE - GROOMING & HYGIENE,HAIR CARE,0.46,0.34
298,HOPDUSA PAN LIQUIDO,FOOD - AMBIENT,BREAD - AMBIENT,0.46,0.10
683,POPN LRG ZPFOL 3PK EACH,PERSONAL CARE - GROOMING & HYGIENE,SKIN CONDITIONING/MOISTURISING,0.46,0.12
901,NRLCO NOSE TRIMMER EACH,PERSONAL CARE - GROOMING & HYGIENE,FACIAL CLEANSING & TONING,0.46,0.07
211,ECONO MINI QUESITOS 4.5 OZ,BISCUITS & CONFECTIONERY & SNACKS,SWEET BISCUITS - AMBIENT,0.46,0.32
877,CLUB CARIBE PINEAPPLE RUM,BEVERAGES - ALCOHOLIC,FRUIT/NUTS - AMBIENT,0.46,0.46
142,DESIFECTANT SPRAY RTU 32OZ,HOMECARE,HAIR CARE,0.46,0.20
476,SNICKERS ALMND/PB/ORG ASTD,BISCUITS & CONFECTIONERY & SNACKS,HAIR CARE,0.45,0.14
455,LATIN DRINKS GUANABANA SOURSOP,BEVERAGES - NON ALCOHOLIC,JUICES (10%-100%),0.45,0.22
43,TUSNEL-DM 30ML,HEALTHCARE,COUGH COLD & OTHER RESPIRATORY REMEDIES & ACCESSORIES,0.45,0.33
262,ERASE LINE FILLER LINE FILLER,BISCUITS & CONFECTIONERY & SNACKS,HAIR CARE,0.45,0.39
139,AGUA NIKINI CAJA DE 24 BOTELLA,BISCUITS & CONFECTIONERY & SNACKS,WATER,0.45,0.39
534,BOULEVARD WHEAT,FOOD - AMBIENT,CEREALS/TOASTER PASTRIES - AMBIENT,0.45,0.25
123,QC ANTIFOG SPRAY,PERSONAL CARE - GROOMING & HYGIENE,HAIR CARE,0.45,0.32
222,CLOROX KT GREY KT NA,HOMECARE,HAIR CARE,0.45,0.06
371,DULCECANA SUGARFREE 16OZ,FOOD - AMBIENT,HAIR CARE,0.45,0.17
426,POPCORNERS SEA SALT,BISCUITS & CONFECTIONERY & SNACKS,SNACKS - FIXED WEIGHT,0.45,0.42
719,NICE PRUNES 2.5OZ,FOOD - AMBIENT,SKIN CONDITIONING/MOISTURISING,0.45,0.12
831,JTB CLNSNG MUR TWL 60CT,PERSONAL CARE - GROOMING & HYGIENE,VITAMINS & MINERALS & NUTRITIONAL SUPPLEMENTS,0.45,0.15
535,ABITA JOCKAMO IPA 1 EA,PERSONAL CARE - GROOMING & HYGIENE,BEER/LAGER/ALES - FIXED WEIGHT,0.45,0.25
934,P.R. GARD SUPLY HABICHUELA BLA,PERSONAL CARE - GROOMING & HYGIENE,HAIR CARE,0.45,0.11
764,ALMOND BAR 2.75.OZ,BISCUITS & CONFECTIONERY & SNACKS,PERSONAL CLEANING & WASHING - GENERAL,0.45,0.43
356,MS MULTI ALPINE F MULTI OIL NA,HEALTHCARE,VITAMINS & MINERALS & NUTRITIONAL SUPPLEMENTS,0.45,0.21
631,CVS TEA TRE SPT SL 1OZ,PERSONAL CARE - GROOMING & HYGIENE,TEA & INFUSIONS,0.45,0.21
234,ECONO KIDDIE MIX,FOOD - AMBIENT,SUGAR/CANDY - FIXED WEIGHT,0.44,0.37
822,SL HDRT HLRNC ACID EACH,HEALTHCARE,DIGESTIVE & LIVER & OTHER INTESTINAL REMEDIES,0.44,0.30
1,CEPILLO,PERSONAL CARE - GROOMING & HYGIENE,HAIR CARE,0.44,0.08
991,CEPILLO POTATIL,PERSONAL CARE - GROOMING & HYGIENE,HAIR CARE,0.44,0.08
40,SMIRNOFF PASSION FRUIT,BEVERAGES - ALCOHOLIC,ALCOHOLIC MIXES/COOLERS,0.44,0.27
676,PAPEL TOALLA SCOTT 80S,PERSONAL CARE - GROOMING & HYGIENE,HAIR CARE,0.44,0.09
345,SS GNTL LAV SS GNTL LAV 16.9OZ,PERSONAL CARE - GROOMING & HYGIENE,PERSONAL CLEANING & WASHING - GENERAL,0.44,0.16
856,OLD HARBOR IPA,BEVERAGES - ALCOHOLIC,BEER/LAGER/ALES - FIXED WEIGHT,0.44,0.25
251,JMBO PAK VEGETABLE JMB VEGE,FOOD - AMBIENT,COOKING/EDIBLE OILS - AMBIENT,0.44,0.09
641,OMISSION LAGER,BEVERAGES - ALCOHOLIC,BEER/LAGER/ALES - FIXED WEIGHT,0.44,0.26
289,WALG CERT ACTIVE LIGHT 26S,PERSONAL CARE - GROOMING & HYGIENE,SKIN CONDITIONING/MOISTURISING,0.43,0.10
996,NUTELLA,BISCUITS & CONFECTIONERY & SNACKS,CHOCOLATE/CHOCOLATE SUBSTITUTES - FIXED WEIGHT,0.43,0.53
219,LEATHERBACK THE DIPLOMAT,PERSONAL CARE - GROOMING & HYGIENE,SKIN CONDITIONING/MOISTURISING,0.43,0.10
91,PUERTO RICO MIX 2 OZ. 2.00 OZ,FOOD - AMBIENT,HAIR CARE,0.43,0.25
817,VINT SELTZER 67.63 OZ,BEVERAGES - NON ALCOHOLIC,DRINKS FLAVOURED RTD,0.43,0.51
225,FDAY21 MILK DUDS FDAY21 MD NA,PERSONAL CARE - GROOMING & HYGIENE,CHOCOLATE/CHOCOLATE SUBSTITUTES - FIXED WEIGHT,0.43,0.22
919,X2 SHT PREW OR 4PK 2Z,PERSONAL CARE - GROOMING & HYGIENE,SKIN CONDITIONING/MOISTURISING,0.42,0.15
233,REESES KING SIZE,BISCUITS & CONFECTIONERY & SNACKS,CHOCOLATE/CHOCOLATE SUBSTITUTES - FIXED WEIGHT,0.42,0.61
246,CUCAS DE CANELA,PERSONAL CARE - GROOMING & HYGIENE,SWEET BISCUITS - AMBIENT,0.42,0.22
398,HERSHEYS LITTLE PONY,PERSONAL CARE - GROOMING & HYGIENE,PERSONAL CLEANING & WASHING - GENERAL,0.42,0.10
369,PR MANGO 16 OZ FRAPE 16OZ,BEVERAGES - NON ALCOHOLIC,HAIR CARE,0.42,0.33
201,GARDEN TEA ROSE SPRA SPRAY N/A,PERSONAL CARE - GROOMING & HYGIENE,TEA & INFUSIONS,0.42,0.48
576,KROGER GRAPEFRUIT,BEVERAGES - NON ALCOHOLIC,JUICES (10%-100%),0.42,0.17
268,LIFE FRUIT TO GO GUINEO 4OZ,BEVERAGES - NON ALCOHOLIC,FRUIT/NUTS - AMBIENT,0.42,0.23
336,HD CHOCOLATE,BISCUITS & CONFECTIONERY & SNACKS,SWEET BISCUITS - AMBIENT,0.41,0.52
645,NERDS PEQ,PERSONAL CARE - GROOMING & HYGIENE,SUGAR/CANDY - FIXED WEIGHT,0.41,0.33
375,BOUNTY COLECCION BORICUA DOUBL,HOMECARE,HOUSEHOLD CLEANING ACCESSORIES,0.41,0.27
12,KINDER JOY SAN VALENTIN,BISCUITS & CONFECTIONERY & SNACKS,CHOCOLATE/CHOCOLATE SUBSTITUTES - FIXED WEIGHT,0.41,0.21
245,CUCAS DE JENGIBRE,BISCUITS & CONFECTIONERY & SNACKS,SWEET BISCUITS - AMBIENT,0.41,0.33
357,MS MULTI PUMPKIN MULTI OIL NA,HEALTHCARE,VITAMINS & MINERALS & NUTRITIONAL SUPPLEMENTS,0.41,0.23
327,TURKEY SNACKER D/W 1.00 LB,FOOD - PERISHABLE,MEAT/POULTRY/GAME - FRESH FIXED WEIGHT,0.40,0.23
556,BLACK VARIEDAD,PERSONAL CARE - GROOMING & HYGIENE,HAIR CARE,0.40,0.08
279,ROGUE NEWPORR DAZE,PERSONAL CARE - GROOMING & HYGIENE,HAIR CARE,0.40,0.08
429,BEAM-CLR BEAM-CLR NA,PERSONAL CARE - GROOMING & HYGIENE,HAIR CARE,0.40,0.21
847,GE CHC CRML MX 6Z,PERSONAL CARE - GROOMING & HYGIENE,PERSONAL CLEANING & WASHING - GENERAL,0.40,0.10
120,CREMA DE MANOS DE AVENA,PERSONAL CARE - GROOMING & HYGIENE,SKIN CONDITIONING/MOISTURISING,0.40,0.29
354,CEPILLO LIMPIEZA,PERSONAL CARE - GROOMING & HYGIENE,HOUSEHOLD CLEANING ACCESSORIES,0.40,0.09
226,BAI ANTIODANT COCOFUNSION,BEVERAGES - NON ALCOHOLIC,JUICES (10%-100%),0.40,0.69
525,GDA CHOCOLATE,FOOD - FROZEN,SWEET BISCUITS - AMBIENT,0.40,0.29
239,DIPIN CIELITO LINDO,PERSONAL CARE - GROOMING & HYGIENE,HAIR CARE,0.40,0.11
133,ESTUCHE MONNLIGHT,PERSONAL CARE - GROOMING & HYGIENE,HAIR CARE,0.39,0.09
726,ZINC OXIDE 20% OIN (NIV)28.4GM,HEALTHCARE,HAIR CARE,0.39,0.10
332,CLOWN SHOES RAINBOWS ARE REAL,BEVERAGES - ALCOHOLIC,BEER/LAGER/ALES - FIXED WEIGHT,0.39,0.30
459,LB NT CALM GMY 60CT,HEALTHCARE,VITAMINS & MINERALS & NUTRITIONAL SUPPLEMENTS,0.39,0.14
125,G ZYNCOF,PERSONAL CARE - GROOMING & HYGIENE,HAIR CARE,0.39,0.09
330,intestinex,PERSONAL CARE - GROOMING & HYGIENE,HAIR CARE,0.39,0.09
346,abatinex 1,PERSONAL CARE - GROOMING & HYGIENE,HAIR CARE,0.39,0.09
489,BALLETA,PERSONAL CARE - GROOMING & HYGIENE,HAIR CARE,0.39,0.09
871,SCOTCHBRITE,PERSONAL CARE - GROOMING & HYGIENE,HAIR CARE,0.39,0.09
897,QUESITOS,PERSONAL CARE - GROOMING & HYGIENE,HAIR CARE,0.39,0.09
914,DARKSEASALT,PERSONAL CARE - GROOMING & HYGIENE,HAIR CARE,0.39,0.09
524,CREOLE 8OZTC CREOLE SM H8OZ,PERSONAL CARE - GROOMING & HYGIENE,SKIN CONDITIONING/MOISTURISING,0.39,0.09
644,WALG NUTR PLUS VAN 8OZ 16S,PERSONAL CARE - GROOMING & HYGIENE,VITAMINS & MINERALS & NUTRITIONAL SUPPLEMENTS,0.39,0.17
423,RESIDENTE CRIPED,PERSONAL CARE - GROOMING & HYGIENE,HAIR CARE,0.39,0.09
55,PUEBLO AGUA GALON 192.00 CT,BEVERAGES - NON ALCOHOLIC,WATER,0.39,0.22
114,PRECIO REDUCIDO DAIRY 1.00 EA,PERSONAL CARE - GROOMING & HYGIENE,GENERAL PERSONAL HYGIENE,0.39,0.07
162,PRECIO REDUCIDO DAIRY 1.00 EA,PERSONAL CARE - GROOMING & HYGIENE,GENERAL PERSONAL HYGIENE,0.39,0.07
976,NICE HONEY 5OZ,FOOD - AMBIENT,PERSONAL CLEANING & WASHING - GENERAL,0.39,0.20
247,PUR GURL SCOUT COOKIE,BISCUITS & CONFECTIONERY & SNACKS,SWEET BISCUITS - AMBIENT,0.39,0.36
544,RECICLAJE DE BATERIA,PERSONAL CARE - GROOMING & HYGIENE,PERSONAL CLEANING & WASHING - GENERAL,0.39,0.10
107,HUEVO SORPRESA,PERSONAL CARE - GROOMING & HYGIENE,HAIR CARE,0.39,0.09
254,JU EYE FLOU JU EYE FLOUN 12,PERSONAL CARE - GROOMING & HYGIENE,EYE COSMETICS,0.39,0.39
582,AMERICAN VALU TK BR 14 OZ,FOOD - AMBIENT,HAIR CARE,0.39,0.31
821,SANCOCHO SANCOCHO KINGS CR,PERSONAL CARE - GROOMING & HYGIENE,HAIR CARE,0.38,0.22
885,ROCKSTAR,PERSONAL CARE - GROOMING & HYGIENE,SPORTS/ENERGY DRINKS,0.38,0.53
557,BLACK CLASSIC 6 CIG,TOBACCO & SMOKING ACCESSORIES,CIGARETTES/CIGARS,0.38,0.42
169,ECONO AGUA 10/2 LTS (PROG ECO),PERSONAL CARE - GROOMING & HYGIENE,HAIR CARE,0.38,0.22
804,SUPERMAX SUCRALOSA 100 CT,BEVERAGES - NON ALCOHOLIC,JUICES (10%-100%),0.38,0.46
47,MENTA DE PUERTO RICO,BISCUITS & CONFECTIONERY & SNACKS,SUGAR/CANDY - FIXED WEIGHT,0.38,0.27
835,HALF PIPE TART ALE 5.0,BEVERAGES - ALCOHOLIC,BEER/LAGER/ALES - FIXED WEIGHT,0.38,0.27
317,TWIX,PERSONAL CARE - GROOMING & HYGIENE,CHOCOLATE/CHOCOLATE SUBSTITUTES - FIXED WEIGHT,0.38,0.12
878,FOUNDERS OKTOBERFEST,BEVERAGES - ALCOHOLIC,BEER/LAGER/ALES - FIXED WEIGHT,0.38,0.18
61,DD FBRC FRSHNR 16.9,PERSONAL CARE - GROOMING & HYGIENE,WATER,0.38,0.13
33,PR TEN DISINFT 22OZ 000000,PERSONAL CARE - GROOMING & HYGIENE,PERSONAL CLEANING & WASHING - GENERAL,0.38,0.23
78,CVP D08 2ND MD CVP 000001,PERSONAL CARE - GROOMING & HYGIENE,BABY FOOD,0.38,0.22
953,SOGUD VAINILLA,BISCUITS & CONFECTIONERY & SNACKS,SWEET BISCUITS - AMBIENT,0.38,0.62
79,STRAWBERRY SHORTCAKE,BISCUITS & CONFECTIONERY & SNACKS,SUGAR/CANDY - FIXED WEIGHT,0.38,0.31
688,GOYA YAM 24 OZ,PERSONAL CARE - GROOMING & HYGIENE,COUGH COLD & OTHER RESPIRATORY REMEDIES & ACCESSORIES,0.38,0.17
840,(C)B4 SS ANTBC AST 1OZ PPR,PERSONAL CARE - GROOMING & HYGIENE,PERSONAL CLEANING & WASHING - GENERAL,0.38,0.12
157,BELLA VISTA HABICHUELAS ROJAS,PERSONAL CARE - GROOMING & HYGIENE,VEGETABLES/SALAD VEGETABLES - AMBIENT,0.38,0.24
10,POWERADE,PERSONAL CARE - GROOMING & HYGIENE,SPORTS/ENERGY DRINKS,0.37,0.84
605,RECOJEDOR DE BASURA,PERSONAL CARE - GROOMING & HYGIENE,PERSONAL CLEANING & WASHING - GENERAL,0.37,0.10
622,STELLA 7OZ,BISCUITS & CONFECTIONERY & SNACKS,SWEET BISCUITS - AMBIENT,0.37,0.23
890,LAYS AIREADAS,PERSONAL CARE - GROOMING & HYGIENE,HAIR CARE,0.37,0.09
732,CHLOR LOZ LIQ CHRRY 15FZ,PERSONAL CARE - GROOMING & HYGIENE,SKIN CONDITIONING/MOISTURISING,0.37,0.16
497,COMPOTA MANZANA S/A 4 OZ,PERSONAL CARE - GROOMING & HYGIENE,HAIR CARE,0.37,0.15
186,BRISK TE VERDE,PERSONAL CARE - GROOMING & HYGIENE,JUICES (10%-100%),0.36,0.19
393,NC HAIRBALL AID,HOMECARE,LAUNDRY GENERAL CARE,0.36,0.16
152,OMME GANG BRUNETTA,PERSONAL CARE - GROOMING & HYGIENE,JUICES (10%-100%),0.36,0.13
675,BASEBALL CHICLE,BISCUITS & CONFECTIONERY & SNACKS,SUGAR/CANDY - FIXED WEIGHT,0.36,0.28
512,MB NTRL BANANA MSK EACH,PERSONAL CARE - GROOMING & HYGIENE,SKIN CONDITIONING/MOISTURISING,0.36,0.13
920,24 SIETE MINI GELATINA FRUTA B,BISCUITS & CONFECTIONERY & SNACKS,SUGAR/CANDY - FIXED WEIGHT,0.36,0.11
296,BLUE MOON MANGO WHEAT,PERSONAL CARE - GROOMING & HYGIENE,HAIR CARE,0.36,0.09
696,PANOS MICROFIBRA,FOOD - AMBIENT,DIPS/DRESSINGS/SAUCES - AMBIENT,0.36,0.11
613,XXL UVA,BEVERAGES - NON ALCOHOLIC,JUICES (10%-100%),0.36,0.31
71,HAPPY DAY CHOCOLATE,BISCUITS & CONFECTIONERY & SNACKS,SWEET BISCUITS - AMBIENT,0.35,0.47
760,PEPPER DE POLLO PREV. CONG. E,FOOD - AMBIENT,SOUP/BOUILLON/STOCK - AMBIENT,0.35,0.16
531,COMPOTA PERA/QUINOA 4 OZ,PERSONAL CARE - GROOMING & HYGIENE,HAIR CARE,0.35,0.19
200,BITTERSWEET SPRAY 18 SPRAY N/A,PERSONAL CARE - GROOMING & HYGIENE,HAIR CARE,0.35,0.28
739,D56 REDUCED 2ND MD CVP 000001,PERSONAL CARE - GROOMING & HYGIENE,BABY FOOD,0.35,0.12
946,THE GLENROTHES 12 YEARS,PERSONAL CARE - GROOMING & HYGIENE,SPIRITS - MAJOR/INTERNATIONAL STYLES,0.35,0.20
452,NATURAL BALANCE ULTR NA,PERSONAL CARE - GROOMING & HYGIENE,DOG FOOD,0.35,0.15
18,MONARCA GREASE,HOMECARE,HAIR CARE,0.35,0.09
724,DEL ENCANTO AMARILLOS 32 OZ,FOOD - AMBIENT,HAIR CARE,0.35,0.13
958,DIPIN SPICY CRAB 8OZ,FOOD - AMBIENT,DIPS/DRESSINGS/SAUCES - AMBIENT,0.35,0.24
402,DELIRIUM DELIRIA PINK CAN,BEVERAGES - ALCOHOLIC,BEER/LAGER/ALES - FIXED WEIGHT,0.34,0.23
718,DAB GERMANY,PERSONAL CARE - GROOMING & HYGIENE,BEER/LAGER/ALES - FIXED WEIGHT,0.34,0.08
579,NUMEAT JAMON VARIEDAD,FOOD - PERISHABLE,MEAT/POULTRY/GAME - FRESH FIXED WEIGHT,0.34,0.32
504,TITAN TACOS CARNE DE RES 12 CT,PERSONAL CARE - GROOMING & HYGIENE,HAIR CARE,0.34,0.19
417,MAMBOSTEAMCORN12OZ 12OZ 00381,BEVERAGES - ALCOHOLIC,BEER/LAGER/ALES - FIXED WEIGHT,0.34,0.21
263,LAGROWN ORGANIC APA,FOOD - AMBIENT,SKIN CONDITIONING/MOISTURISING,0.34,0.09
962,CVS OTG CLD SR TM .07Z,HEALTHCARE,COUGH COLD & OTHER RESPIRATORY REMEDIES & ACCESSORIES,0.33,0.14
255,BACON/TOCINETA EXTRA UNIDAD,FOOD - AMBIENT,COOKING/EDIBLE OILS - AMBIENT,0.33,0.10
971,PRALINES DOLCHETTE 001150 G,BISCUITS & CONFECTIONERY & SNACKS,CHOCOLATE/CHOCOLATE SUBSTITUTES - FIXED WEIGHT,0.33,0.19
227,FL IMM SHT FR PNCH 1.93,BEVERAGES - NON ALCOHOLIC,COUGH COLD & OTHER RESPIRATORY REMEDIES & ACCESSORIES,0.33,0.14
854,BOULEVARD BARREL AGED,BEVERAGES - ALCOHOLIC,CHEESE - FRESH FIXED WEIGHT,0.33,0.12
984,STONE ENJOY BY 1.1.19,FOOD - AMBIENT,SKIN TREATMENTS/DERMATOLOGICS,0.33,0.10
585,TOSH VANILLA 0.85 OZ,BISCUITS & CONFECTIONERY & SNACKS,SWEET BISCUITS - AMBIENT,0.33,0.57
781,MADAGASCAR NESTLE,FOOD - FROZEN,ICE CREAM/NOVELTIES - FROZEN,0.33,0.24
722,QC ANTIDIARRHEAL SFTGEL 24,HEALTHCARE,DIGESTIVE & LIVER & OTHER INTESTINAL REMEDIES,0.33,0.17
122,ORG CARROT MATCHSTIC 10OZ,PERSONAL CARE - GROOMING & HYGIENE,HAIR CARE,0.32,0.31
386,RECOJEDOR 2 EN 1,PERSONAL CARE - GROOMING & HYGIENE,SWEET BISCUITS - AMBIENT,0.32,0.12
444,JT EATONS ANSWER KILLS ROACHES,HOMECARE,INSECT CONTROL,0.32,0.08
617,7UP PQTE.24 LATA 12Z,FOOD - AMBIENT,DIPS/DRESSINGS/SAUCES - AMBIENT,0.32,0.13
100,LAGROW ORGANIC STOUT,FOOD - AMBIENT,BEER/LAGER/ALES - FIXED WEIGHT,0.32,0.11
916,FINA FLOR RED POWER CONDITIONE,PERSONAL CARE - GROOMING & HYGIENE,HAIR CARE,0.32,0.12
276,MODELO NEGRA SIX PACK,PERSONAL CARE - GROOMING & HYGIENE,SKIN CONDITIONING/MOISTURISING,0.32,0.12
224,FDAY21 REESES FDAY21 REESE NA,FOOD - AMBIENT,CHOCOLATE/CHOCOLATE SUBSTITUTES - FIXED WEIGHT,0.32,0.22
999,FREGONA MICROFIBRA,PERSONAL CARE - GROOMING & HYGIENE,HAIR CARE,0.32,0.07
523,GHS CHOC POWDER 22.4,HEALTHCARE,FACE COSMETICS,0.32,0.42
295,OLD HARBOR SANTO VIEJO,PERSONAL CARE - GROOMING & HYGIENE,HAIR CARE,0.32,0.10
291,COMIDA PERRO,PERSONAL CARE - GROOMING & HYGIENE,HAIR CARE,0.31,0.08
355,PEST CONTROL PRISION DE CUCARA,PERSONAL CARE - GROOMING & HYGIENE,PUERTO RICO CONSUMER PANEL,0.31,0.18
589,AGUAVATE,PERSONAL CARE - GROOMING & HYGIENE,HAIR CARE,0.31,0.08
797,TRIPLE CHOCOLATE RC,HEALTHCARE,SWEET BISCUITS - AMBIENT,0.31,0.48
132,ESTUCHE FANTASY BRITNEY SPEARS,PERSONAL CARE - GROOMING & HYGIENE,SKIN CONDITIONING/MOISTURISING,0.30,0.14
39,NUTRIPLUS AGUA BEBE 1 GL 1 GL,PERSONAL CARE - GROOMING & HYGIENE,PERSONAL CLEANING & WASHING - GENERAL,0.30,0.18
312,LA MONTANA COCO ALMENDRA,BEVERAGES - NON ALCOHOLIC,HAIR CARE,0.30,0.12
604,LIQUID DEATH,PERSONAL CARE - GROOMING & HYGIENE,SKIN CONDITIONING/MOISTURISING,0.30,0.22
119,CREMA MANOS ALMENDRA,PERSONAL CARE - GROOMING & HYGIENE,SKIN CONDITIONING/MOISTURISING,0.30,0.39
23,CRMSHP 9 EYESH PAL FRUI,COSMETICS & FRAGRANCES,EYE COSMETICS,0.30,0.58
154,BAI ANTIOXIDANT COCOFUSION,BEVERAGES - NON ALCOHOLIC,JUICES (10%-100%),0.30,0.56
370,PR ACAI O PITAYA STW BOW 1,FOOD - AMBIENT,HAIR CARE,0.30,0.11
678,HH LAV VLVT HB EACH,PERSONAL CARE - GROOMING & HYGIENE,HAIR CARE,0.30,0.10
912,DE MI TIERRA PA FUER 000000,BISCUITS & CONFECTIONERY & SNACKS,SWEET BISCUITS - AMBIENT,0.30,0.14
803,SUPERMAX SUCRALOSA 50 CT,BISCUITS & CONFECTIONERY & SNACKS,VITAMINS & MINERALS & NUTRITIONAL SUPPLEMENTS,0.29,0.15
128,DAIRYREDUCT CVP TAX ADD 1512EA,COSMETICS & FRAGRANCES,NAIL CARE,0.29,0.10
717,OMMEGANG IDYLL DAYS PILSNER,BEVERAGES - ALCOHOLIC,BEER/LAGER/ALES - FIXED WEIGHT,0.29,0.16
228,DALIA X 11 1.00 CT,PERSONAL CARE - GROOMING & HYGIENE,BEER/LAGER/ALES - FIXED WEIGHT,0.28,0.11
894,TGF GUMMY SNOWMEN 11 OZ,BISCUITS & CONFECTIONERY & SNACKS,SUGAR/CANDY - FIXED WEIGHT,0.28,0.21
829,ASSORTMENTCANDL GLD PNK BLU 6,PERSONAL CARE - GROOMING & HYGIENE,HAIR CARE,0.28,0.09
5,INDI GINGER BEER 4.00 OZ,BEVERAGES - NON ALCOHOLIC,DRINKS FLAVOURED RTD,0.28,0.37
130,MDAY21 M&M MDAY21 M&M NA,PERSONAL CARE - GROOMING & HYGIENE,SKIN CONDITIONING/MOISTURISING,0.28,0.09
180,GRAD21 M&MGRAD21 M&M NA,PERSONAL CARE - GROOMING & HYGIENE,SKIN CONDITIONING/MOISTURISING,0.28,0.09
206,FDAY21 M&M S FDAY21 M&M NA,PERSONAL CARE - GROOMING & HYGIENE,SKIN CONDITIONING/MOISTURISING,0.28,0.09
149,GIANT NEO HERSHEYS,PERSONAL CARE - GROOMING & HYGIENE,COUGH COLD & OTHER RESPIRATORY REMEDIES & ACCESSORIES,0.27,0.08
577,SCOTT MAXIROLLO,PERSONAL CARE - GROOMING & HYGIENE,HAIR CARE,0.27,0.07
297,CERIA INDIEWAVE NON ALCHOL,PERSONAL CARE - GROOMING & HYGIENE,HAIR CARE,0.27,0.12
258,TINY TATES,PERSONAL CARE - GROOMING & HYGIENE,SUGAR/CANDY - FIXED WEIGHT,0.27,0.09
189,GB 2FDS TEETHER VP SNACKS,BISCUITS & CONFECTIONERY & SNACKS,SUGAR/CANDY - FIXED WEIGHT,0.27,0.11
59,BURST POPS BLUE BLOWOUT,FOOD - FROZEN,ICE CREAM/NOVELTIES - FROZEN,0.27,0.38
960,SL CHILL PPRMNT EACH,PERSONAL CARE - GROOMING & HYGIENE,SKIN CONDITIONING/MOISTURISING,0.27,0.09
405,OMMEGANG NEON POOLS,BEVERAGES - ALCOHOLIC,BEER/LAGER/ALES - FIXED WEIGHT,0.27,0.15
376,MI GENTE PAPEL HIGIENICO,FOOD - AMBIENT,HOUSEHOLD CLEANERS,0.27,0.11
923,APAP 650MG ER BOTTLE CAP 100S,PERSONAL CARE - GROOMING & HYGIENE,HAIR CARE,0.27,0.47
636,TOTTIS PR TOTTIS PIZZA5.29,PERSONAL CARE - GROOMING & HYGIENE,SWEET BISCUITS - AMBIENT,0.27,0.10
26,SUN SETZ,HOMECARE,SKIN TANNING,0.27,0.13
2,COGNAC,BEVERAGES - ALCOHOLIC,SPIRITS - MAJOR/INTERNATIONAL STYLES,0.27,0.33
343,KOOL AID DIPPERS KA DIPPERS NA,BEVERAGES - NON ALCOHOLIC,JUICES (10%-100%),0.26,0.11
513,CRISOL MANTEQUILLA,FOOD - PERISHABLE,BUTTER/MARG/EDIBLE FATS - FRESH FIXED WEIGHT,0.26,0.07
350,OBERON TROPICAL,HOMECARE,SUGAR/CANDY - FIXED WEIGHT,0.26,0.12
137,COLORINA 193 EXOTIQU,PERSONAL CARE - GROOMING & HYGIENE,HAIR CARE,0.26,0.05
16,PINK / CHOCOLATE DUAL VEGAN LE,BEVERAGES - NON ALCOHOLIC,SWEET BISCUITS - AMBIENT,0.25,0.37
397,PR VF MANGO POUCH VF MANGO 21,FOOD - AMBIENT,JUICES (10%-100%),0.25,0.17
621,SAVER CHOICE CUCHARAS SOPAS,PERSONAL CARE - GROOMING & HYGIENE,ICE CREAM/NOVELTIES - FROZEN,0.25,0.17
708,YUBA ZERO VARIEDAD,BEVERAGES - NON ALCOHOLIC,HAIR CARE,0.25,0.10
98,KRONENBOURG BLANCO,FOOD - PERISHABLE,CHEESE - FRESH FIXED WEIGHT,0.25,0.19
974,VANILLA VISA FEE WIC 5.95,FOOD - FROZEN,ICE CREAM/NOVELTIES - FROZEN,0.24,0.12
826,BEST VALUE TOALLAS DESINFECTAN,FOOD - AMBIENT,HOUSEHOLD CLEANERS,0.24,0.07
280,COL/ART GOOD MONSTER DIPA,BEVERAGES - NON ALCOHOLIC,HAIR CARE,0.24,0.15
599,BOULEVARD TANK 7,HOMECARE,SKIN CONDITIONING/MOISTURISING,0.24,0.07
921,CASTANAS DE ITALIA DROUYN 1,FOOD - AMBIENT,DIPS/DRESSINGS/SAUCES - AMBIENT,0.24,0.11
727,PR BLANQUIADOR ACTIV 000000,PERSONAL CARE - GROOMING & HYGIENE,SKIN CONDITIONING/MOISTURISING,0.24,0.19
755,HAWAIIAN BEEF SLIDERS 1.00 CT,FOOD - FROZEN,MEAT/POULTRY/GAME - FRESH FIXED WEIGHT,0.24,0.09
703,JAMON AHUMADO,FOOD - AMBIENT,MEAT/POULTRY/GAME - FRESH FIXED WEIGHT,0.24,0.24
560,NTRWL 8OZ LMN LHS 8Z,PERSONAL CARE - GROOMING & HYGIENE,PERSONAL CLEANING & WASHING - GENERAL,0.23,0.21
541,ALOVI SABILA,BEVERAGES - NON ALCOHOLIC,JUICES (10%-100%),0.23,0.25
639,ALOVI SABILA,BEVERAGES - NON ALCOHOLIC,JUICES (10%-100%),0.23,0.25
266,BETTER KETO COCONUT KOOKIE 2P,BEVERAGES - NON ALCOHOLIC,ICE CREAM/NOVELTIES - FROZEN,0.22,0.17
457,POLAR 6P STRW MARG 12Z,PERSONAL CARE - GROOMING & HYGIENE,HAIR CARE,0.22,0.06
635,MICROFILL SPT PTCH 6CT,HEALTHCARE,HOUSEHOLD CLEANING ACCESSORIES,0.22,0.11
145,DAB ORIGINAL,PERSONAL CARE - GROOMING & HYGIENE,DIGESTIVE & LIVER & OTHER INTESTINAL REMEDIES,0.21,0.09
111,NEW HOLLAND DRAGRON,PERSONAL CARE - GROOMING & HYGIENE,CHEESE - FRESH FIXED WEIGHT,0.21,0.06
83,ABRO ORGANIC AIRFRESHER FRESA,HOMECARE,JUICES (10%-100%),0.21,0.09
662,KL WB LAV DRNK MX 6CT,PERSONAL CARE - GROOMING & HYGIENE,HOUSEHOLD CLEANING ACCESSORIES,0.21,0.08
510,ARROZ SELECTOS PALACIOS 1,FOOD - FROZEN,CEREALS/TOASTER PASTRIES - AMBIENT,0.21,0.07
